
         /\      Grafana   /‾‾/  
    /\  /  \     |\  __   /  /   
   /  \/    \    | |/ /  /   ‾‾\ 
  /          \   |   (  |  (‾)  |
 / __________ \  |_|\_\  \_____/ 


     execution: local
        script: test-plans/endurance/23127430_Endurance_20260815.js
 web dashboard: http://127.0.0.1:5665
        output: json (C:\Code\SoftwareTesting\ST-Group\23127430\HW05\results\evidence-rerun\endurance-20260815_190424\raw\23127430_Endurance_20260815_190424.json)

     scenarios: (100.00%) 1 scenario, 20 max VUs, 14m30s max duration (incl. graceful stop):
              * wf01_endurance: Up to 20 looping VUs for 14m0s over 3 stages (gracefulRampDown: 30s, gracefulStop: 30s)


running (00m01.0s), 01/20 VUs, 0 complete and 0 interrupted iterations
wf01_endurance   [   0% ] 01/20 VUs  00m01.0s/14m00.0s

running (00m02.0s), 01/20 VUs, 0 complete and 0 interrupted iterations
wf01_endurance   [   0% ] 01/20 VUs  00m02.0s/14m00.0s

running (00m03.0s), 01/20 VUs, 0 complete and 0 interrupted iterations
wf01_endurance   [   0% ] 01/20 VUs  00m03.0s/14m00.0s

running (00m04.0s), 02/20 VUs, 0 complete and 0 interrupted iterations
wf01_endurance   [   0% ] 02/20 VUs  00m04.0s/14m00.0s

running (00m05.0s), 02/20 VUs, 0 complete and 0 interrupted iterations
wf01_endurance   [   1% ] 02/20 VUs  00m05.0s/14m00.0s

running (00m06.0s), 02/20 VUs, 0 complete and 0 interrupted iterations
wf01_endurance   [   1% ] 02/20 VUs  00m06.0s/14m00.0s

running (00m07.0s), 03/20 VUs, 0 complete and 0 interrupted iterations
wf01_endurance   [   1% ] 03/20 VUs  00m07.0s/14m00.0s

running (00m08.0s), 03/20 VUs, 0 complete and 0 interrupted iterations
wf01_endurance   [   1% ] 03/20 VUs  00m08.0s/14m00.0s

running (00m09.0s), 03/20 VUs, 0 complete and 0 interrupted iterations
wf01_endurance   [   1% ] 03/20 VUs  00m09.0s/14m00.0s

running (00m10.0s), 04/20 VUs, 0 complete and 0 interrupted iterations
wf01_endurance   [   1% ] 04/20 VUs  00m10.0s/14m00.0s

running (00m11.0s), 04/20 VUs, 0 complete and 0 interrupted iterations
wf01_endurance   [   1% ] 04/20 VUs  00m11.0s/14m00.0s

running (00m12.0s), 04/20 VUs, 0 complete and 0 interrupted iterations
wf01_endurance   [   1% ] 04/20 VUs  00m12.0s/14m00.0s

running (00m13.0s), 05/20 VUs, 0 complete and 0 interrupted iterations
wf01_endurance   [   2% ] 05/20 VUs  00m13.0s/14m00.0s

running (00m14.0s), 05/20 VUs, 1 complete and 0 interrupted iterations
wf01_endurance   [   2% ] 05/20 VUs  00m14.0s/14m00.0s

running (00m15.0s), 05/20 VUs, 1 complete and 0 interrupted iterations
wf01_endurance   [   2% ] 05/20 VUs  00m15.0s/14m00.0s

running (00m16.0s), 06/20 VUs, 1 complete and 0 interrupted iterations
wf01_endurance   [   2% ] 06/20 VUs  00m16.0s/14m00.0s

running (00m17.0s), 06/20 VUs, 1 complete and 0 interrupted iterations
wf01_endurance   [   2% ] 06/20 VUs  00m17.0s/14m00.0s

running (00m18.0s), 06/20 VUs, 1 complete and 0 interrupted iterations
wf01_endurance   [   2% ] 06/20 VUs  00m18.0s/14m00.0s

running (00m19.0s), 07/20 VUs, 1 complete and 0 interrupted iterations
wf01_endurance   [   2% ] 07/20 VUs  00m19.0s/14m00.0s

running (00m20.0s), 07/20 VUs, 3 complete and 0 interrupted iterations
wf01_endurance   [   2% ] 07/20 VUs  00m20.0s/14m00.0s

running (00m21.0s), 07/20 VUs, 3 complete and 0 interrupted iterations
wf01_endurance   [   2% ] 07/20 VUs  00m21.0s/14m00.0s

running (00m22.0s), 07/20 VUs, 3 complete and 0 interrupted iterations
wf01_endurance   [   3% ] 07/20 VUs  00m22.0s/14m00.0s

running (00m23.0s), 08/20 VUs, 3 complete and 0 interrupted iterations
wf01_endurance   [   3% ] 08/20 VUs  00m23.0s/14m00.0s

running (00m24.0s), 08/20 VUs, 3 complete and 0 interrupted iterations
wf01_endurance   [   3% ] 08/20 VUs  00m24.0s/14m00.0s

running (00m25.0s), 08/20 VUs, 3 complete and 0 interrupted iterations
wf01_endurance   [   3% ] 08/20 VUs  00m25.0s/14m00.0s

running (00m26.0s), 09/20 VUs, 3 complete and 0 interrupted iterations
wf01_endurance   [   3% ] 09/20 VUs  00m26.0s/14m00.0s

running (00m27.0s), 09/20 VUs, 4 complete and 0 interrupted iterations
wf01_endurance   [   3% ] 09/20 VUs  00m27.0s/14m00.0s

running (00m28.0s), 09/20 VUs, 5 complete and 0 interrupted iterations
wf01_endurance   [   3% ] 09/20 VUs  00m28.0s/14m00.0s

running (00m29.0s), 10/20 VUs, 6 complete and 0 interrupted iterations
wf01_endurance   [   3% ] 10/20 VUs  00m29.0s/14m00.0s

running (00m30.0s), 10/20 VUs, 6 complete and 0 interrupted iterations
wf01_endurance   [   4% ] 10/20 VUs  00m30.0s/14m00.0s

running (00m31.0s), 10/20 VUs, 7 complete and 0 interrupted iterations
wf01_endurance   [   4% ] 10/20 VUs  00m31.0s/14m00.0s

running (00m32.0s), 11/20 VUs, 7 complete and 0 interrupted iterations
wf01_endurance   [   4% ] 11/20 VUs  00m32.0s/14m00.0s

running (00m33.0s), 11/20 VUs, 7 complete and 0 interrupted iterations
wf01_endurance   [   4% ] 11/20 VUs  00m33.0s/14m00.0s

running (00m34.0s), 11/20 VUs, 7 complete and 0 interrupted iterations
wf01_endurance   [   4% ] 11/20 VUs  00m34.0s/14m00.0s

running (00m35.0s), 12/20 VUs, 8 complete and 0 interrupted iterations
wf01_endurance   [   4% ] 12/20 VUs  00m35.0s/14m00.0s

running (00m36.0s), 12/20 VUs, 9 complete and 0 interrupted iterations
wf01_endurance   [   4% ] 12/20 VUs  00m36.0s/14m00.0s

running (00m37.0s), 12/20 VUs, 10 complete and 0 interrupted iterations
wf01_endurance   [   4% ] 12/20 VUs  00m37.0s/14m00.0s

running (00m38.0s), 13/20 VUs, 11 complete and 0 interrupted iterations
wf01_endurance   [   5% ] 13/20 VUs  00m38.0s/14m00.0s

running (00m39.0s), 13/20 VUs, 12 complete and 0 interrupted iterations
wf01_endurance   [   5% ] 13/20 VUs  00m39.0s/14m00.0s

running (00m40.0s), 13/20 VUs, 12 complete and 0 interrupted iterations
wf01_endurance   [   5% ] 13/20 VUs  00m40.0s/14m00.0s

running (00m41.0s), 13/20 VUs, 13 complete and 0 interrupted iterations
wf01_endurance   [   5% ] 13/20 VUs  00m41.0s/14m00.0s

running (00m42.0s), 14/20 VUs, 13 complete and 0 interrupted iterations
wf01_endurance   [   5% ] 14/20 VUs  00m42.0s/14m00.0s

running (00m43.0s), 14/20 VUs, 14 complete and 0 interrupted iterations
wf01_endurance   [   5% ] 14/20 VUs  00m43.0s/14m00.0s

running (00m44.0s), 14/20 VUs, 15 complete and 0 interrupted iterations
wf01_endurance   [   5% ] 14/20 VUs  00m44.0s/14m00.0s

running (00m45.0s), 15/20 VUs, 17 complete and 0 interrupted iterations
wf01_endurance   [   5% ] 15/20 VUs  00m45.0s/14m00.0s

running (00m46.0s), 15/20 VUs, 17 complete and 0 interrupted iterations
wf01_endurance   [   5% ] 15/20 VUs  00m46.0s/14m00.0s

running (00m47.0s), 15/20 VUs, 18 complete and 0 interrupted iterations
wf01_endurance   [   6% ] 15/20 VUs  00m47.0s/14m00.0s

running (00m48.0s), 16/20 VUs, 18 complete and 0 interrupted iterations
wf01_endurance   [   6% ] 16/20 VUs  00m48.0s/14m00.0s

running (00m49.0s), 16/20 VUs, 19 complete and 0 interrupted iterations
wf01_endurance   [   6% ] 16/20 VUs  00m49.0s/14m00.0s

running (00m50.0s), 16/20 VUs, 20 complete and 0 interrupted iterations
wf01_endurance   [   6% ] 16/20 VUs  00m50.0s/14m00.0s

running (00m51.0s), 17/20 VUs, 20 complete and 0 interrupted iterations
wf01_endurance   [   6% ] 17/20 VUs  00m51.0s/14m00.0s

running (00m52.0s), 17/20 VUs, 25 complete and 0 interrupted iterations
wf01_endurance   [   6% ] 17/20 VUs  00m52.0s/14m00.0s

running (00m53.0s), 17/20 VUs, 25 complete and 0 interrupted iterations
wf01_endurance   [   6% ] 17/20 VUs  00m53.0s/14m00.0s

running (00m54.0s), 18/20 VUs, 25 complete and 0 interrupted iterations
wf01_endurance   [   6% ] 18/20 VUs  00m54.0s/14m00.0s

running (00m55.0s), 18/20 VUs, 25 complete and 0 interrupted iterations
wf01_endurance   [   7% ] 18/20 VUs  00m55.0s/14m00.0s

running (00m56.0s), 18/20 VUs, 27 complete and 0 interrupted iterations
wf01_endurance   [   7% ] 18/20 VUs  00m56.0s/14m00.0s

running (00m57.0s), 19/20 VUs, 29 complete and 0 interrupted iterations
wf01_endurance   [   7% ] 19/20 VUs  00m57.0s/14m00.0s

running (00m58.0s), 19/20 VUs, 31 complete and 0 interrupted iterations
wf01_endurance   [   7% ] 19/20 VUs  00m58.0s/14m00.0s

running (00m59.0s), 19/20 VUs, 32 complete and 0 interrupted iterations
wf01_endurance   [   7% ] 19/20 VUs  00m59.0s/14m00.0s

running (01m00.0s), 19/20 VUs, 33 complete and 0 interrupted iterations
wf01_endurance   [   7% ] 19/20 VUs  01m00.0s/14m00.0s

running (01m01.0s), 20/20 VUs, 33 complete and 0 interrupted iterations
wf01_endurance   [   7% ] 20/20 VUs  01m01.0s/14m00.0s

running (01m02.0s), 20/20 VUs, 34 complete and 0 interrupted iterations
wf01_endurance   [   7% ] 20/20 VUs  01m02.0s/14m00.0s

running (01m03.0s), 20/20 VUs, 35 complete and 0 interrupted iterations
wf01_endurance   [   7% ] 20/20 VUs  01m03.0s/14m00.0s

running (01m04.0s), 20/20 VUs, 35 complete and 0 interrupted iterations
wf01_endurance   [   8% ] 20/20 VUs  01m04.0s/14m00.0s

running (01m05.0s), 20/20 VUs, 37 complete and 0 interrupted iterations
wf01_endurance   [   8% ] 20/20 VUs  01m05.0s/14m00.0s

running (01m06.0s), 20/20 VUs, 39 complete and 0 interrupted iterations
wf01_endurance   [   8% ] 20/20 VUs  01m06.0s/14m00.0s

running (01m07.0s), 20/20 VUs, 39 complete and 0 interrupted iterations
wf01_endurance   [   8% ] 20/20 VUs  01m07.0s/14m00.0s

running (01m08.0s), 20/20 VUs, 42 complete and 0 interrupted iterations
wf01_endurance   [   8% ] 20/20 VUs  01m08.0s/14m00.0s

running (01m09.0s), 20/20 VUs, 43 complete and 0 interrupted iterations
wf01_endurance   [   8% ] 20/20 VUs  01m09.0s/14m00.0s

running (01m10.0s), 20/20 VUs, 45 complete and 0 interrupted iterations
wf01_endurance   [   8% ] 20/20 VUs  01m10.0s/14m00.0s

running (01m11.0s), 20/20 VUs, 48 complete and 0 interrupted iterations
wf01_endurance   [   8% ] 20/20 VUs  01m11.0s/14m00.0s

running (01m12.0s), 20/20 VUs, 50 complete and 0 interrupted iterations
wf01_endurance   [   9% ] 20/20 VUs  01m12.0s/14m00.0s

running (01m13.0s), 20/20 VUs, 51 complete and 0 interrupted iterations
wf01_endurance   [   9% ] 20/20 VUs  01m13.0s/14m00.0s

running (01m14.0s), 20/20 VUs, 53 complete and 0 interrupted iterations
wf01_endurance   [   9% ] 20/20 VUs  01m14.0s/14m00.0s

running (01m15.0s), 20/20 VUs, 53 complete and 0 interrupted iterations
wf01_endurance   [   9% ] 20/20 VUs  01m15.0s/14m00.0s

running (01m16.0s), 20/20 VUs, 53 complete and 0 interrupted iterations
wf01_endurance   [   9% ] 20/20 VUs  01m16.0s/14m00.0s

running (01m17.0s), 20/20 VUs, 53 complete and 0 interrupted iterations
wf01_endurance   [   9% ] 20/20 VUs  01m17.0s/14m00.0s

running (01m18.0s), 20/20 VUs, 53 complete and 0 interrupted iterations
wf01_endurance   [   9% ] 20/20 VUs  01m18.0s/14m00.0s

running (01m19.0s), 20/20 VUs, 57 complete and 0 interrupted iterations
wf01_endurance   [   9% ] 20/20 VUs  01m19.0s/14m00.0s

running (01m20.0s), 20/20 VUs, 59 complete and 0 interrupted iterations
wf01_endurance   [  10% ] 20/20 VUs  01m20.0s/14m00.0s

running (01m21.0s), 20/20 VUs, 60 complete and 0 interrupted iterations
wf01_endurance   [  10% ] 20/20 VUs  01m21.0s/14m00.0s

running (01m22.0s), 20/20 VUs, 61 complete and 0 interrupted iterations
wf01_endurance   [  10% ] 20/20 VUs  01m22.0s/14m00.0s

running (01m23.0s), 20/20 VUs, 64 complete and 0 interrupted iterations
wf01_endurance   [  10% ] 20/20 VUs  01m23.0s/14m00.0s

running (01m24.0s), 20/20 VUs, 65 complete and 0 interrupted iterations
wf01_endurance   [  10% ] 20/20 VUs  01m24.0s/14m00.0s

running (01m25.0s), 20/20 VUs, 67 complete and 0 interrupted iterations
wf01_endurance   [  10% ] 20/20 VUs  01m25.0s/14m00.0s

running (01m26.0s), 20/20 VUs, 69 complete and 0 interrupted iterations
wf01_endurance   [  10% ] 20/20 VUs  01m26.0s/14m00.0s

running (01m27.0s), 20/20 VUs, 69 complete and 0 interrupted iterations
wf01_endurance   [  10% ] 20/20 VUs  01m27.0s/14m00.0s

running (01m28.0s), 20/20 VUs, 70 complete and 0 interrupted iterations
wf01_endurance   [  10% ] 20/20 VUs  01m28.0s/14m00.0s

running (01m29.0s), 20/20 VUs, 71 complete and 0 interrupted iterations
wf01_endurance   [  11% ] 20/20 VUs  01m29.0s/14m00.0s

running (01m30.0s), 20/20 VUs, 73 complete and 0 interrupted iterations
wf01_endurance   [  11% ] 20/20 VUs  01m30.0s/14m00.0s

running (01m31.0s), 20/20 VUs, 73 complete and 0 interrupted iterations
wf01_endurance   [  11% ] 20/20 VUs  01m31.0s/14m00.0s

running (01m32.0s), 20/20 VUs, 73 complete and 0 interrupted iterations
wf01_endurance   [  11% ] 20/20 VUs  01m32.0s/14m00.0s

running (01m33.0s), 20/20 VUs, 74 complete and 0 interrupted iterations
wf01_endurance   [  11% ] 20/20 VUs  01m33.0s/14m00.0s

running (01m34.0s), 20/20 VUs, 80 complete and 0 interrupted iterations
wf01_endurance   [  11% ] 20/20 VUs  01m34.0s/14m00.0s

running (01m35.0s), 20/20 VUs, 82 complete and 0 interrupted iterations
wf01_endurance   [  11% ] 20/20 VUs  01m35.0s/14m00.0s

running (01m36.0s), 20/20 VUs, 84 complete and 0 interrupted iterations
wf01_endurance   [  11% ] 20/20 VUs  01m36.0s/14m00.0s

running (01m37.0s), 20/20 VUs, 84 complete and 0 interrupted iterations
wf01_endurance   [  12% ] 20/20 VUs  01m37.0s/14m00.0s

running (01m38.0s), 20/20 VUs, 85 complete and 0 interrupted iterations
wf01_endurance   [  12% ] 20/20 VUs  01m38.0s/14m00.0s

running (01m39.0s), 20/20 VUs, 86 complete and 0 interrupted iterations
wf01_endurance   [  12% ] 20/20 VUs  01m39.0s/14m00.0s

running (01m40.0s), 20/20 VUs, 88 complete and 0 interrupted iterations
wf01_endurance   [  12% ] 20/20 VUs  01m40.0s/14m00.0s

running (01m41.0s), 20/20 VUs, 89 complete and 0 interrupted iterations
wf01_endurance   [  12% ] 20/20 VUs  01m41.0s/14m00.0s

running (01m42.0s), 20/20 VUs, 92 complete and 0 interrupted iterations
wf01_endurance   [  12% ] 20/20 VUs  01m42.0s/14m00.0s

running (01m43.0s), 20/20 VUs, 93 complete and 0 interrupted iterations
wf01_endurance   [  12% ] 20/20 VUs  01m43.0s/14m00.0s

running (01m44.0s), 20/20 VUs, 93 complete and 0 interrupted iterations
wf01_endurance   [  12% ] 20/20 VUs  01m44.0s/14m00.0s

running (01m45.0s), 20/20 VUs, 93 complete and 0 interrupted iterations
wf01_endurance   [  12% ] 20/20 VUs  01m45.0s/14m00.0s

running (01m46.0s), 20/20 VUs, 94 complete and 0 interrupted iterations
wf01_endurance   [  13% ] 20/20 VUs  01m46.0s/14m00.0s

running (01m47.0s), 20/20 VUs, 96 complete and 0 interrupted iterations
wf01_endurance   [  13% ] 20/20 VUs  01m47.0s/14m00.0s

running (01m48.0s), 20/20 VUs, 98 complete and 0 interrupted iterations
wf01_endurance   [  13% ] 20/20 VUs  01m48.0s/14m00.0s

running (01m49.0s), 20/20 VUs, 100 complete and 0 interrupted iterations
wf01_endurance   [  13% ] 20/20 VUs  01m49.0s/14m00.0s

running (01m50.0s), 20/20 VUs, 102 complete and 0 interrupted iterations
wf01_endurance   [  13% ] 20/20 VUs  01m50.0s/14m00.0s

running (01m51.0s), 20/20 VUs, 103 complete and 0 interrupted iterations
wf01_endurance   [  13% ] 20/20 VUs  01m51.0s/14m00.0s

running (01m52.0s), 20/20 VUs, 104 complete and 0 interrupted iterations
wf01_endurance   [  13% ] 20/20 VUs  01m52.0s/14m00.0s

running (01m53.0s), 20/20 VUs, 104 complete and 0 interrupted iterations
wf01_endurance   [  13% ] 20/20 VUs  01m53.0s/14m00.0s

running (01m54.0s), 20/20 VUs, 106 complete and 0 interrupted iterations
wf01_endurance   [  14% ] 20/20 VUs  01m54.0s/14m00.0s

running (01m55.0s), 20/20 VUs, 108 complete and 0 interrupted iterations
wf01_endurance   [  14% ] 20/20 VUs  01m55.0s/14m00.0s

running (01m56.0s), 20/20 VUs, 111 complete and 0 interrupted iterations
wf01_endurance   [  14% ] 20/20 VUs  01m56.0s/14m00.0s

running (01m57.0s), 20/20 VUs, 111 complete and 0 interrupted iterations
wf01_endurance   [  14% ] 20/20 VUs  01m57.0s/14m00.0s

running (01m58.0s), 20/20 VUs, 112 complete and 0 interrupted iterations
wf01_endurance   [  14% ] 20/20 VUs  01m58.0s/14m00.0s

running (01m59.0s), 20/20 VUs, 112 complete and 0 interrupted iterations
wf01_endurance   [  14% ] 20/20 VUs  01m59.0s/14m00.0s

running (02m00.0s), 20/20 VUs, 114 complete and 0 interrupted iterations
wf01_endurance   [  14% ] 20/20 VUs  02m00.0s/14m00.0s

running (02m01.0s), 20/20 VUs, 115 complete and 0 interrupted iterations
wf01_endurance   [  14% ] 20/20 VUs  02m01.0s/14m00.0s

running (02m02.0s), 20/20 VUs, 115 complete and 0 interrupted iterations
wf01_endurance   [  15% ] 20/20 VUs  02m02.0s/14m00.0s

running (02m03.0s), 20/20 VUs, 118 complete and 0 interrupted iterations
wf01_endurance   [  15% ] 20/20 VUs  02m03.0s/14m00.0s

running (02m04.0s), 20/20 VUs, 121 complete and 0 interrupted iterations
wf01_endurance   [  15% ] 20/20 VUs  02m04.0s/14m00.0s

running (02m05.0s), 20/20 VUs, 123 complete and 0 interrupted iterations
wf01_endurance   [  15% ] 20/20 VUs  02m05.0s/14m00.0s

running (02m06.0s), 20/20 VUs, 123 complete and 0 interrupted iterations
wf01_endurance   [  15% ] 20/20 VUs  02m06.0s/14m00.0s

running (02m07.0s), 20/20 VUs, 125 complete and 0 interrupted iterations
wf01_endurance   [  15% ] 20/20 VUs  02m07.0s/14m00.0s

running (02m08.0s), 20/20 VUs, 126 complete and 0 interrupted iterations
wf01_endurance   [  15% ] 20/20 VUs  02m08.0s/14m00.0s

running (02m09.0s), 20/20 VUs, 127 complete and 0 interrupted iterations
wf01_endurance   [  15% ] 20/20 VUs  02m09.0s/14m00.0s

running (02m10.0s), 20/20 VUs, 128 complete and 0 interrupted iterations
wf01_endurance   [  15% ] 20/20 VUs  02m10.0s/14m00.0s

running (02m11.0s), 20/20 VUs, 131 complete and 0 interrupted iterations
wf01_endurance   [  16% ] 20/20 VUs  02m11.0s/14m00.0s

running (02m12.0s), 20/20 VUs, 132 complete and 0 interrupted iterations
wf01_endurance   [  16% ] 20/20 VUs  02m12.0s/14m00.0s

running (02m13.0s), 20/20 VUs, 134 complete and 0 interrupted iterations
wf01_endurance   [  16% ] 20/20 VUs  02m13.0s/14m00.0s

running (02m14.0s), 20/20 VUs, 134 complete and 0 interrupted iterations
wf01_endurance   [  16% ] 20/20 VUs  02m14.0s/14m00.0s

running (02m15.0s), 20/20 VUs, 137 complete and 0 interrupted iterations
wf01_endurance   [  16% ] 20/20 VUs  02m15.0s/14m00.0s

running (02m16.0s), 20/20 VUs, 138 complete and 0 interrupted iterations
wf01_endurance   [  16% ] 20/20 VUs  02m16.0s/14m00.0s

running (02m17.0s), 20/20 VUs, 138 complete and 0 interrupted iterations
wf01_endurance   [  16% ] 20/20 VUs  02m17.0s/14m00.0s

running (02m18.0s), 20/20 VUs, 140 complete and 0 interrupted iterations
wf01_endurance   [  16% ] 20/20 VUs  02m18.0s/14m00.0s

running (02m19.0s), 20/20 VUs, 141 complete and 0 interrupted iterations
wf01_endurance   [  17% ] 20/20 VUs  02m19.0s/14m00.0s

running (02m20.0s), 20/20 VUs, 142 complete and 0 interrupted iterations
wf01_endurance   [  17% ] 20/20 VUs  02m20.0s/14m00.0s

running (02m21.0s), 20/20 VUs, 144 complete and 0 interrupted iterations
wf01_endurance   [  17% ] 20/20 VUs  02m21.0s/14m00.0s

running (02m22.0s), 20/20 VUs, 148 complete and 0 interrupted iterations
wf01_endurance   [  17% ] 20/20 VUs  02m22.0s/14m00.0s

running (02m23.0s), 20/20 VUs, 149 complete and 0 interrupted iterations
wf01_endurance   [  17% ] 20/20 VUs  02m23.0s/14m00.0s

running (02m24.0s), 20/20 VUs, 150 complete and 0 interrupted iterations
wf01_endurance   [  17% ] 20/20 VUs  02m24.0s/14m00.0s

running (02m25.0s), 20/20 VUs, 152 complete and 0 interrupted iterations
wf01_endurance   [  17% ] 20/20 VUs  02m25.0s/14m00.0s

running (02m26.0s), 20/20 VUs, 152 complete and 0 interrupted iterations
wf01_endurance   [  17% ] 20/20 VUs  02m26.0s/14m00.0s

running (02m27.0s), 20/20 VUs, 154 complete and 0 interrupted iterations
wf01_endurance   [  17% ] 20/20 VUs  02m27.0s/14m00.0s

running (02m28.0s), 20/20 VUs, 154 complete and 0 interrupted iterations
wf01_endurance   [  18% ] 20/20 VUs  02m28.0s/14m00.0s

running (02m29.0s), 20/20 VUs, 154 complete and 0 interrupted iterations
wf01_endurance   [  18% ] 20/20 VUs  02m29.0s/14m00.0s

running (02m30.0s), 20/20 VUs, 155 complete and 0 interrupted iterations
wf01_endurance   [  18% ] 20/20 VUs  02m30.0s/14m00.0s

running (02m31.0s), 20/20 VUs, 157 complete and 0 interrupted iterations
wf01_endurance   [  18% ] 20/20 VUs  02m31.0s/14m00.0s

running (02m32.0s), 20/20 VUs, 158 complete and 0 interrupted iterations
wf01_endurance   [  18% ] 20/20 VUs  02m32.0s/14m00.0s

running (02m33.0s), 20/20 VUs, 161 complete and 0 interrupted iterations
wf01_endurance   [  18% ] 20/20 VUs  02m33.0s/14m00.0s

running (02m34.0s), 20/20 VUs, 161 complete and 0 interrupted iterations
wf01_endurance   [  18% ] 20/20 VUs  02m34.0s/14m00.0s

running (02m35.0s), 20/20 VUs, 163 complete and 0 interrupted iterations
wf01_endurance   [  18% ] 20/20 VUs  02m35.0s/14m00.0s

running (02m36.0s), 20/20 VUs, 165 complete and 0 interrupted iterations
wf01_endurance   [  19% ] 20/20 VUs  02m36.0s/14m00.0s

running (02m37.0s), 20/20 VUs, 167 complete and 0 interrupted iterations
wf01_endurance   [  19% ] 20/20 VUs  02m37.0s/14m00.0s

running (02m38.0s), 20/20 VUs, 169 complete and 0 interrupted iterations
wf01_endurance   [  19% ] 20/20 VUs  02m38.0s/14m00.0s

running (02m39.0s), 20/20 VUs, 169 complete and 0 interrupted iterations
wf01_endurance   [  19% ] 20/20 VUs  02m39.0s/14m00.0s

running (02m40.0s), 20/20 VUs, 171 complete and 0 interrupted iterations
wf01_endurance   [  19% ] 20/20 VUs  02m40.0s/14m00.0s

running (02m41.0s), 20/20 VUs, 173 complete and 0 interrupted iterations
wf01_endurance   [  19% ] 20/20 VUs  02m41.0s/14m00.0s

running (02m42.0s), 20/20 VUs, 173 complete and 0 interrupted iterations
wf01_endurance   [  19% ] 20/20 VUs  02m42.0s/14m00.0s

running (02m43.0s), 20/20 VUs, 174 complete and 0 interrupted iterations
wf01_endurance   [  19% ] 20/20 VUs  02m43.0s/14m00.0s

running (02m44.0s), 20/20 VUs, 175 complete and 0 interrupted iterations
wf01_endurance   [  20% ] 20/20 VUs  02m44.0s/14m00.0s

running (02m45.0s), 20/20 VUs, 176 complete and 0 interrupted iterations
wf01_endurance   [  20% ] 20/20 VUs  02m45.0s/14m00.0s

running (02m46.0s), 20/20 VUs, 178 complete and 0 interrupted iterations
wf01_endurance   [  20% ] 20/20 VUs  02m46.0s/14m00.0s

running (02m47.0s), 20/20 VUs, 179 complete and 0 interrupted iterations
wf01_endurance   [  20% ] 20/20 VUs  02m47.0s/14m00.0s

running (02m48.0s), 20/20 VUs, 180 complete and 0 interrupted iterations
wf01_endurance   [  20% ] 20/20 VUs  02m48.0s/14m00.0s

running (02m49.0s), 20/20 VUs, 181 complete and 0 interrupted iterations
wf01_endurance   [  20% ] 20/20 VUs  02m49.0s/14m00.0s

running (02m50.0s), 20/20 VUs, 182 complete and 0 interrupted iterations
wf01_endurance   [  20% ] 20/20 VUs  02m50.0s/14m00.0s

running (02m51.0s), 20/20 VUs, 185 complete and 0 interrupted iterations
wf01_endurance   [  20% ] 20/20 VUs  02m51.0s/14m00.0s

running (02m52.0s), 20/20 VUs, 187 complete and 0 interrupted iterations
wf01_endurance   [  20% ] 20/20 VUs  02m52.0s/14m00.0s

running (02m53.0s), 20/20 VUs, 188 complete and 0 interrupted iterations
wf01_endurance   [  21% ] 20/20 VUs  02m53.0s/14m00.0s

running (02m54.0s), 20/20 VUs, 191 complete and 0 interrupted iterations
wf01_endurance   [  21% ] 20/20 VUs  02m54.0s/14m00.0s

running (02m55.0s), 20/20 VUs, 192 complete and 0 interrupted iterations
wf01_endurance   [  21% ] 20/20 VUs  02m55.0s/14m00.0s

running (02m56.0s), 20/20 VUs, 192 complete and 0 interrupted iterations
wf01_endurance   [  21% ] 20/20 VUs  02m56.0s/14m00.0s

running (02m57.0s), 20/20 VUs, 195 complete and 0 interrupted iterations
wf01_endurance   [  21% ] 20/20 VUs  02m57.0s/14m00.0s

running (02m58.0s), 20/20 VUs, 196 complete and 0 interrupted iterations
wf01_endurance   [  21% ] 20/20 VUs  02m58.0s/14m00.0s

running (02m59.0s), 20/20 VUs, 197 complete and 0 interrupted iterations
wf01_endurance   [  21% ] 20/20 VUs  02m59.0s/14m00.0s

running (03m00.0s), 20/20 VUs, 198 complete and 0 interrupted iterations
wf01_endurance   [  21% ] 20/20 VUs  03m00.0s/14m00.0s

running (03m01.0s), 20/20 VUs, 198 complete and 0 interrupted iterations
wf01_endurance   [  22% ] 20/20 VUs  03m01.0s/14m00.0s

running (03m02.0s), 20/20 VUs, 199 complete and 0 interrupted iterations
wf01_endurance   [  22% ] 20/20 VUs  03m02.0s/14m00.0s

running (03m03.0s), 20/20 VUs, 199 complete and 0 interrupted iterations
wf01_endurance   [  22% ] 20/20 VUs  03m03.0s/14m00.0s

running (03m04.0s), 20/20 VUs, 200 complete and 0 interrupted iterations
wf01_endurance   [  22% ] 20/20 VUs  03m04.0s/14m00.0s

running (03m05.0s), 20/20 VUs, 202 complete and 0 interrupted iterations
wf01_endurance   [  22% ] 20/20 VUs  03m05.0s/14m00.0s

running (03m06.0s), 20/20 VUs, 204 complete and 0 interrupted iterations
wf01_endurance   [  22% ] 20/20 VUs  03m06.0s/14m00.0s

running (03m07.0s), 20/20 VUs, 206 complete and 0 interrupted iterations
wf01_endurance   [  22% ] 20/20 VUs  03m07.0s/14m00.0s

running (03m08.0s), 20/20 VUs, 209 complete and 0 interrupted iterations
wf01_endurance   [  22% ] 20/20 VUs  03m08.0s/14m00.0s

running (03m09.0s), 20/20 VUs, 211 complete and 0 interrupted iterations
wf01_endurance   [  22% ] 20/20 VUs  03m09.0s/14m00.0s

running (03m10.0s), 20/20 VUs, 211 complete and 0 interrupted iterations
wf01_endurance   [  23% ] 20/20 VUs  03m10.0s/14m00.0s

running (03m11.0s), 20/20 VUs, 212 complete and 0 interrupted iterations
wf01_endurance   [  23% ] 20/20 VUs  03m11.0s/14m00.0s

running (03m12.0s), 20/20 VUs, 214 complete and 0 interrupted iterations
wf01_endurance   [  23% ] 20/20 VUs  03m12.0s/14m00.0s

running (03m13.0s), 20/20 VUs, 217 complete and 0 interrupted iterations
wf01_endurance   [  23% ] 20/20 VUs  03m13.0s/14m00.0s

running (03m14.0s), 20/20 VUs, 217 complete and 0 interrupted iterations
wf01_endurance   [  23% ] 20/20 VUs  03m14.0s/14m00.0s

running (03m15.0s), 20/20 VUs, 218 complete and 0 interrupted iterations
wf01_endurance   [  23% ] 20/20 VUs  03m15.0s/14m00.0s

running (03m16.0s), 20/20 VUs, 219 complete and 0 interrupted iterations
wf01_endurance   [  23% ] 20/20 VUs  03m16.0s/14m00.0s

running (03m17.0s), 20/20 VUs, 219 complete and 0 interrupted iterations
wf01_endurance   [  23% ] 20/20 VUs  03m17.0s/14m00.0s

running (03m18.0s), 20/20 VUs, 219 complete and 0 interrupted iterations
wf01_endurance   [  24% ] 20/20 VUs  03m18.0s/14m00.0s

running (03m19.0s), 20/20 VUs, 219 complete and 0 interrupted iterations
wf01_endurance   [  24% ] 20/20 VUs  03m19.0s/14m00.0s

running (03m20.0s), 20/20 VUs, 222 complete and 0 interrupted iterations
wf01_endurance   [  24% ] 20/20 VUs  03m20.0s/14m00.0s

running (03m21.0s), 20/20 VUs, 227 complete and 0 interrupted iterations
wf01_endurance   [  24% ] 20/20 VUs  03m21.0s/14m00.0s

running (03m22.0s), 20/20 VUs, 227 complete and 0 interrupted iterations
wf01_endurance   [  24% ] 20/20 VUs  03m22.0s/14m00.0s

running (03m23.0s), 20/20 VUs, 228 complete and 0 interrupted iterations
wf01_endurance   [  24% ] 20/20 VUs  03m23.0s/14m00.0s

running (03m24.0s), 20/20 VUs, 230 complete and 0 interrupted iterations
wf01_endurance   [  24% ] 20/20 VUs  03m24.0s/14m00.0s

running (03m25.0s), 20/20 VUs, 233 complete and 0 interrupted iterations
wf01_endurance   [  24% ] 20/20 VUs  03m25.0s/14m00.0s

running (03m26.0s), 20/20 VUs, 233 complete and 0 interrupted iterations
wf01_endurance   [  25% ] 20/20 VUs  03m26.0s/14m00.0s

running (03m27.0s), 20/20 VUs, 234 complete and 0 interrupted iterations
wf01_endurance   [  25% ] 20/20 VUs  03m27.0s/14m00.0s

running (03m28.0s), 20/20 VUs, 236 complete and 0 interrupted iterations
wf01_endurance   [  25% ] 20/20 VUs  03m28.0s/14m00.0s

running (03m29.0s), 20/20 VUs, 236 complete and 0 interrupted iterations
wf01_endurance   [  25% ] 20/20 VUs  03m29.0s/14m00.0s

running (03m30.0s), 20/20 VUs, 237 complete and 0 interrupted iterations
wf01_endurance   [  25% ] 20/20 VUs  03m30.0s/14m00.0s

running (03m31.0s), 20/20 VUs, 238 complete and 0 interrupted iterations
wf01_endurance   [  25% ] 20/20 VUs  03m31.0s/14m00.0s

running (03m32.0s), 20/20 VUs, 239 complete and 0 interrupted iterations
wf01_endurance   [  25% ] 20/20 VUs  03m32.0s/14m00.0s

running (03m33.0s), 20/20 VUs, 240 complete and 0 interrupted iterations
wf01_endurance   [  25% ] 20/20 VUs  03m33.0s/14m00.0s

running (03m34.0s), 20/20 VUs, 241 complete and 0 interrupted iterations
wf01_endurance   [  25% ] 20/20 VUs  03m34.0s/14m00.0s

running (03m35.0s), 20/20 VUs, 248 complete and 0 interrupted iterations
wf01_endurance   [  26% ] 20/20 VUs  03m35.0s/14m00.0s

running (03m36.0s), 20/20 VUs, 248 complete and 0 interrupted iterations
wf01_endurance   [  26% ] 20/20 VUs  03m36.0s/14m00.0s

running (03m37.0s), 20/20 VUs, 249 complete and 0 interrupted iterations
wf01_endurance   [  26% ] 20/20 VUs  03m37.0s/14m00.0s

running (03m38.0s), 20/20 VUs, 250 complete and 0 interrupted iterations
wf01_endurance   [  26% ] 20/20 VUs  03m38.0s/14m00.0s

running (03m39.0s), 20/20 VUs, 250 complete and 0 interrupted iterations
wf01_endurance   [  26% ] 20/20 VUs  03m39.0s/14m00.0s

running (03m40.0s), 20/20 VUs, 252 complete and 0 interrupted iterations
wf01_endurance   [  26% ] 20/20 VUs  03m40.0s/14m00.0s

running (03m41.0s), 20/20 VUs, 253 complete and 0 interrupted iterations
wf01_endurance   [  26% ] 20/20 VUs  03m41.0s/14m00.0s

running (03m42.0s), 20/20 VUs, 253 complete and 0 interrupted iterations
wf01_endurance   [  26% ] 20/20 VUs  03m42.0s/14m00.0s

running (03m43.0s), 20/20 VUs, 254 complete and 0 interrupted iterations
wf01_endurance   [  27% ] 20/20 VUs  03m43.0s/14m00.0s

running (03m44.0s), 20/20 VUs, 256 complete and 0 interrupted iterations
wf01_endurance   [  27% ] 20/20 VUs  03m44.0s/14m00.0s

running (03m45.0s), 20/20 VUs, 257 complete and 0 interrupted iterations
wf01_endurance   [  27% ] 20/20 VUs  03m45.0s/14m00.0s

running (03m46.0s), 20/20 VUs, 258 complete and 0 interrupted iterations
wf01_endurance   [  27% ] 20/20 VUs  03m46.0s/14m00.0s

running (03m47.0s), 20/20 VUs, 259 complete and 0 interrupted iterations
wf01_endurance   [  27% ] 20/20 VUs  03m47.0s/14m00.0s

running (03m48.0s), 20/20 VUs, 261 complete and 0 interrupted iterations
wf01_endurance   [  27% ] 20/20 VUs  03m48.0s/14m00.0s

running (03m49.0s), 20/20 VUs, 265 complete and 0 interrupted iterations
wf01_endurance   [  27% ] 20/20 VUs  03m49.0s/14m00.0s

running (03m50.0s), 20/20 VUs, 266 complete and 0 interrupted iterations
wf01_endurance   [  27% ] 20/20 VUs  03m50.0s/14m00.0s

running (03m51.0s), 20/20 VUs, 266 complete and 0 interrupted iterations
wf01_endurance   [  27% ] 20/20 VUs  03m51.0s/14m00.0s

running (03m52.0s), 20/20 VUs, 268 complete and 0 interrupted iterations
wf01_endurance   [  28% ] 20/20 VUs  03m52.0s/14m00.0s

running (03m53.0s), 20/20 VUs, 269 complete and 0 interrupted iterations
wf01_endurance   [  28% ] 20/20 VUs  03m53.0s/14m00.0s

running (03m54.0s), 20/20 VUs, 271 complete and 0 interrupted iterations
wf01_endurance   [  28% ] 20/20 VUs  03m54.0s/14m00.0s

running (03m55.0s), 20/20 VUs, 272 complete and 0 interrupted iterations
wf01_endurance   [  28% ] 20/20 VUs  03m55.0s/14m00.0s

running (03m56.0s), 20/20 VUs, 274 complete and 0 interrupted iterations
wf01_endurance   [  28% ] 20/20 VUs  03m56.0s/14m00.0s

running (03m57.0s), 20/20 VUs, 274 complete and 0 interrupted iterations
wf01_endurance   [  28% ] 20/20 VUs  03m57.0s/14m00.0s

running (03m58.0s), 20/20 VUs, 274 complete and 0 interrupted iterations
wf01_endurance   [  28% ] 20/20 VUs  03m58.0s/14m00.0s

running (03m59.0s), 20/20 VUs, 276 complete and 0 interrupted iterations
wf01_endurance   [  28% ] 20/20 VUs  03m59.0s/14m00.0s

running (04m00.0s), 20/20 VUs, 278 complete and 0 interrupted iterations
wf01_endurance   [  29% ] 20/20 VUs  04m00.0s/14m00.0s

running (04m01.0s), 20/20 VUs, 278 complete and 0 interrupted iterations
wf01_endurance   [  29% ] 20/20 VUs  04m01.0s/14m00.0s

running (04m02.0s), 20/20 VUs, 281 complete and 0 interrupted iterations
wf01_endurance   [  29% ] 20/20 VUs  04m02.0s/14m00.0s

running (04m03.0s), 20/20 VUs, 283 complete and 0 interrupted iterations
wf01_endurance   [  29% ] 20/20 VUs  04m03.0s/14m00.0s

running (04m04.0s), 20/20 VUs, 285 complete and 0 interrupted iterations
wf01_endurance   [  29% ] 20/20 VUs  04m04.0s/14m00.0s

running (04m05.0s), 20/20 VUs, 286 complete and 0 interrupted iterations
wf01_endurance   [  29% ] 20/20 VUs  04m05.0s/14m00.0s

running (04m06.0s), 20/20 VUs, 287 complete and 0 interrupted iterations
wf01_endurance   [  29% ] 20/20 VUs  04m06.0s/14m00.0s

running (04m07.0s), 20/20 VUs, 289 complete and 0 interrupted iterations
wf01_endurance   [  29% ] 20/20 VUs  04m07.0s/14m00.0s

running (04m08.0s), 20/20 VUs, 289 complete and 0 interrupted iterations
wf01_endurance   [  30% ] 20/20 VUs  04m08.0s/14m00.0s

running (04m09.0s), 20/20 VUs, 291 complete and 0 interrupted iterations
wf01_endurance   [  30% ] 20/20 VUs  04m09.0s/14m00.0s

running (04m10.0s), 20/20 VUs, 292 complete and 0 interrupted iterations
wf01_endurance   [  30% ] 20/20 VUs  04m10.0s/14m00.0s

running (04m11.0s), 20/20 VUs, 293 complete and 0 interrupted iterations
wf01_endurance   [  30% ] 20/20 VUs  04m11.0s/14m00.0s

running (04m12.0s), 20/20 VUs, 294 complete and 0 interrupted iterations
wf01_endurance   [  30% ] 20/20 VUs  04m12.0s/14m00.0s

running (04m13.0s), 20/20 VUs, 296 complete and 0 interrupted iterations
wf01_endurance   [  30% ] 20/20 VUs  04m13.0s/14m00.0s

running (04m14.0s), 20/20 VUs, 296 complete and 0 interrupted iterations
wf01_endurance   [  30% ] 20/20 VUs  04m14.0s/14m00.0s

running (04m15.0s), 20/20 VUs, 296 complete and 0 interrupted iterations
wf01_endurance   [  30% ] 20/20 VUs  04m15.0s/14m00.0s

running (04m16.0s), 20/20 VUs, 297 complete and 0 interrupted iterations
wf01_endurance   [  30% ] 20/20 VUs  04m16.0s/14m00.0s

running (04m17.0s), 20/20 VUs, 301 complete and 0 interrupted iterations
wf01_endurance   [  31% ] 20/20 VUs  04m17.0s/14m00.0s

running (04m18.0s), 20/20 VUs, 304 complete and 0 interrupted iterations
wf01_endurance   [  31% ] 20/20 VUs  04m18.0s/14m00.0s

running (04m19.0s), 20/20 VUs, 306 complete and 0 interrupted iterations
wf01_endurance   [  31% ] 20/20 VUs  04m19.0s/14m00.0s

running (04m20.0s), 20/20 VUs, 306 complete and 0 interrupted iterations
wf01_endurance   [  31% ] 20/20 VUs  04m20.0s/14m00.0s

running (04m21.0s), 20/20 VUs, 308 complete and 0 interrupted iterations
wf01_endurance   [  31% ] 20/20 VUs  04m21.0s/14m00.0s

running (04m22.0s), 20/20 VUs, 309 complete and 0 interrupted iterations
wf01_endurance   [  31% ] 20/20 VUs  04m22.0s/14m00.0s

running (04m23.0s), 20/20 VUs, 309 complete and 0 interrupted iterations
wf01_endurance   [  31% ] 20/20 VUs  04m23.0s/14m00.0s

running (04m24.0s), 20/20 VUs, 312 complete and 0 interrupted iterations
wf01_endurance   [  31% ] 20/20 VUs  04m24.0s/14m00.0s

running (04m25.0s), 20/20 VUs, 313 complete and 0 interrupted iterations
wf01_endurance   [  32% ] 20/20 VUs  04m25.0s/14m00.0s

running (04m26.0s), 20/20 VUs, 313 complete and 0 interrupted iterations
wf01_endurance   [  32% ] 20/20 VUs  04m26.0s/14m00.0s

running (04m27.0s), 20/20 VUs, 314 complete and 0 interrupted iterations
wf01_endurance   [  32% ] 20/20 VUs  04m27.0s/14m00.0s

running (04m28.0s), 20/20 VUs, 316 complete and 0 interrupted iterations
wf01_endurance   [  32% ] 20/20 VUs  04m28.0s/14m00.0s

running (04m29.0s), 20/20 VUs, 317 complete and 0 interrupted iterations
wf01_endurance   [  32% ] 20/20 VUs  04m29.0s/14m00.0s

running (04m30.0s), 20/20 VUs, 317 complete and 0 interrupted iterations
wf01_endurance   [  32% ] 20/20 VUs  04m30.0s/14m00.0s

running (04m31.0s), 20/20 VUs, 319 complete and 0 interrupted iterations
wf01_endurance   [  32% ] 20/20 VUs  04m31.0s/14m00.0s

running (04m32.0s), 20/20 VUs, 320 complete and 0 interrupted iterations
wf01_endurance   [  32% ] 20/20 VUs  04m32.0s/14m00.0s

running (04m33.0s), 20/20 VUs, 321 complete and 0 interrupted iterations
wf01_endurance   [  32% ] 20/20 VUs  04m33.0s/14m00.0s

running (04m34.0s), 20/20 VUs, 327 complete and 0 interrupted iterations
wf01_endurance   [  33% ] 20/20 VUs  04m34.0s/14m00.0s

running (04m35.0s), 20/20 VUs, 329 complete and 0 interrupted iterations
wf01_endurance   [  33% ] 20/20 VUs  04m35.0s/14m00.0s

running (04m36.0s), 20/20 VUs, 330 complete and 0 interrupted iterations
wf01_endurance   [  33% ] 20/20 VUs  04m36.0s/14m00.0s

running (04m37.0s), 20/20 VUs, 330 complete and 0 interrupted iterations
wf01_endurance   [  33% ] 20/20 VUs  04m37.0s/14m00.0s

running (04m38.0s), 20/20 VUs, 330 complete and 0 interrupted iterations
wf01_endurance   [  33% ] 20/20 VUs  04m38.0s/14m00.0s

running (04m39.0s), 20/20 VUs, 331 complete and 0 interrupted iterations
wf01_endurance   [  33% ] 20/20 VUs  04m39.0s/14m00.0s

running (04m40.0s), 20/20 VUs, 333 complete and 0 interrupted iterations
wf01_endurance   [  33% ] 20/20 VUs  04m40.0s/14m00.0s

running (04m41.0s), 20/20 VUs, 334 complete and 0 interrupted iterations
wf01_endurance   [  33% ] 20/20 VUs  04m41.0s/14m00.0s

running (04m42.0s), 20/20 VUs, 335 complete and 0 interrupted iterations
wf01_endurance   [  34% ] 20/20 VUs  04m42.0s/14m00.0s

running (04m43.0s), 20/20 VUs, 336 complete and 0 interrupted iterations
wf01_endurance   [  34% ] 20/20 VUs  04m43.0s/14m00.0s

running (04m44.0s), 20/20 VUs, 337 complete and 0 interrupted iterations
wf01_endurance   [  34% ] 20/20 VUs  04m44.0s/14m00.0s

running (04m45.0s), 20/20 VUs, 338 complete and 0 interrupted iterations
wf01_endurance   [  34% ] 20/20 VUs  04m45.0s/14m00.0s

running (04m46.0s), 20/20 VUs, 340 complete and 0 interrupted iterations
wf01_endurance   [  34% ] 20/20 VUs  04m46.0s/14m00.0s

running (04m47.0s), 20/20 VUs, 342 complete and 0 interrupted iterations
wf01_endurance   [  34% ] 20/20 VUs  04m47.0s/14m00.0s

running (04m48.0s), 20/20 VUs, 345 complete and 0 interrupted iterations
wf01_endurance   [  34% ] 20/20 VUs  04m48.0s/14m00.0s

running (04m49.0s), 20/20 VUs, 346 complete and 0 interrupted iterations
wf01_endurance   [  34% ] 20/20 VUs  04m49.0s/14m00.0s

running (04m50.0s), 20/20 VUs, 347 complete and 0 interrupted iterations
wf01_endurance   [  35% ] 20/20 VUs  04m50.0s/14m00.0s

running (04m51.0s), 20/20 VUs, 351 complete and 0 interrupted iterations
wf01_endurance   [  35% ] 20/20 VUs  04m51.0s/14m00.0s

running (04m52.0s), 20/20 VUs, 352 complete and 0 interrupted iterations
wf01_endurance   [  35% ] 20/20 VUs  04m52.0s/14m00.0s

running (04m53.0s), 20/20 VUs, 352 complete and 0 interrupted iterations
wf01_endurance   [  35% ] 20/20 VUs  04m53.0s/14m00.0s

running (04m54.0s), 20/20 VUs, 352 complete and 0 interrupted iterations
wf01_endurance   [  35% ] 20/20 VUs  04m54.0s/14m00.0s

running (04m55.0s), 20/20 VUs, 354 complete and 0 interrupted iterations
wf01_endurance   [  35% ] 20/20 VUs  04m55.0s/14m00.0s

running (04m56.0s), 20/20 VUs, 355 complete and 0 interrupted iterations
wf01_endurance   [  35% ] 20/20 VUs  04m56.0s/14m00.0s

running (04m57.0s), 20/20 VUs, 355 complete and 0 interrupted iterations
wf01_endurance   [  35% ] 20/20 VUs  04m57.0s/14m00.0s

running (04m58.0s), 20/20 VUs, 355 complete and 0 interrupted iterations
wf01_endurance   [  35% ] 20/20 VUs  04m58.0s/14m00.0s

running (04m59.0s), 20/20 VUs, 358 complete and 0 interrupted iterations
wf01_endurance   [  36% ] 20/20 VUs  04m59.0s/14m00.0s

running (05m00.0s), 20/20 VUs, 358 complete and 0 interrupted iterations
wf01_endurance   [  36% ] 20/20 VUs  05m00.0s/14m00.0s

running (05m01.0s), 20/20 VUs, 359 complete and 0 interrupted iterations
wf01_endurance   [  36% ] 20/20 VUs  05m01.0s/14m00.0s

running (05m02.0s), 20/20 VUs, 364 complete and 0 interrupted iterations
wf01_endurance   [  36% ] 20/20 VUs  05m02.0s/14m00.0s

running (05m03.0s), 20/20 VUs, 366 complete and 0 interrupted iterations
wf01_endurance   [  36% ] 20/20 VUs  05m03.0s/14m00.0s

running (05m04.0s), 20/20 VUs, 366 complete and 0 interrupted iterations
wf01_endurance   [  36% ] 20/20 VUs  05m04.0s/14m00.0s

running (05m05.0s), 20/20 VUs, 367 complete and 0 interrupted iterations
wf01_endurance   [  36% ] 20/20 VUs  05m05.0s/14m00.0s

running (05m06.0s), 20/20 VUs, 370 complete and 0 interrupted iterations
wf01_endurance   [  36% ] 20/20 VUs  05m06.0s/14m00.0s

running (05m07.0s), 20/20 VUs, 371 complete and 0 interrupted iterations
wf01_endurance   [  37% ] 20/20 VUs  05m07.0s/14m00.0s

running (05m08.0s), 20/20 VUs, 372 complete and 0 interrupted iterations
wf01_endurance   [  37% ] 20/20 VUs  05m08.0s/14m00.0s

running (05m09.0s), 20/20 VUs, 373 complete and 0 interrupted iterations
wf01_endurance   [  37% ] 20/20 VUs  05m09.0s/14m00.0s

running (05m10.0s), 20/20 VUs, 375 complete and 0 interrupted iterations
wf01_endurance   [  37% ] 20/20 VUs  05m10.0s/14m00.0s

running (05m11.0s), 20/20 VUs, 376 complete and 0 interrupted iterations
wf01_endurance   [  37% ] 20/20 VUs  05m11.0s/14m00.0s

running (05m12.0s), 20/20 VUs, 377 complete and 0 interrupted iterations
wf01_endurance   [  37% ] 20/20 VUs  05m12.0s/14m00.0s

running (05m13.0s), 20/20 VUs, 377 complete and 0 interrupted iterations
wf01_endurance   [  37% ] 20/20 VUs  05m13.0s/14m00.0s

running (05m14.0s), 20/20 VUs, 378 complete and 0 interrupted iterations
wf01_endurance   [  37% ] 20/20 VUs  05m14.0s/14m00.0s

running (05m15.0s), 20/20 VUs, 378 complete and 0 interrupted iterations
wf01_endurance   [  37% ] 20/20 VUs  05m15.0s/14m00.0s

running (05m16.0s), 20/20 VUs, 381 complete and 0 interrupted iterations
wf01_endurance   [  38% ] 20/20 VUs  05m16.0s/14m00.0s

running (05m17.0s), 20/20 VUs, 384 complete and 0 interrupted iterations
wf01_endurance   [  38% ] 20/20 VUs  05m17.0s/14m00.0s

running (05m18.0s), 20/20 VUs, 385 complete and 0 interrupted iterations
wf01_endurance   [  38% ] 20/20 VUs  05m18.0s/14m00.0s

running (05m19.0s), 20/20 VUs, 388 complete and 0 interrupted iterations
wf01_endurance   [  38% ] 20/20 VUs  05m19.0s/14m00.0s

running (05m20.0s), 20/20 VUs, 389 complete and 0 interrupted iterations
wf01_endurance   [  38% ] 20/20 VUs  05m20.0s/14m00.0s

running (05m21.0s), 20/20 VUs, 389 complete and 0 interrupted iterations
wf01_endurance   [  38% ] 20/20 VUs  05m21.0s/14m00.0s

running (05m22.0s), 20/20 VUs, 391 complete and 0 interrupted iterations
wf01_endurance   [  38% ] 20/20 VUs  05m22.0s/14m00.0s

running (05m23.0s), 20/20 VUs, 392 complete and 0 interrupted iterations
wf01_endurance   [  38% ] 20/20 VUs  05m23.0s/14m00.0s

running (05m24.0s), 20/20 VUs, 395 complete and 0 interrupted iterations
wf01_endurance   [  39% ] 20/20 VUs  05m24.0s/14m00.0s

running (05m25.0s), 20/20 VUs, 395 complete and 0 interrupted iterations
wf01_endurance   [  39% ] 20/20 VUs  05m25.0s/14m00.0s

running (05m26.0s), 20/20 VUs, 396 complete and 0 interrupted iterations
wf01_endurance   [  39% ] 20/20 VUs  05m26.0s/14m00.0s

running (05m27.0s), 20/20 VUs, 397 complete and 0 interrupted iterations
wf01_endurance   [  39% ] 20/20 VUs  05m27.0s/14m00.0s

running (05m28.0s), 20/20 VUs, 398 complete and 0 interrupted iterations
wf01_endurance   [  39% ] 20/20 VUs  05m28.0s/14m00.0s

running (05m29.0s), 20/20 VUs, 399 complete and 0 interrupted iterations
wf01_endurance   [  39% ] 20/20 VUs  05m29.0s/14m00.0s

running (05m30.0s), 20/20 VUs, 401 complete and 0 interrupted iterations
wf01_endurance   [  39% ] 20/20 VUs  05m30.0s/14m00.0s

running (05m31.0s), 20/20 VUs, 403 complete and 0 interrupted iterations
wf01_endurance   [  39% ] 20/20 VUs  05m31.0s/14m00.0s

running (05m32.0s), 20/20 VUs, 404 complete and 0 interrupted iterations
wf01_endurance   [  40% ] 20/20 VUs  05m32.0s/14m00.0s

running (05m33.0s), 20/20 VUs, 406 complete and 0 interrupted iterations
wf01_endurance   [  40% ] 20/20 VUs  05m33.0s/14m00.0s

running (05m34.0s), 20/20 VUs, 408 complete and 0 interrupted iterations
wf01_endurance   [  40% ] 20/20 VUs  05m34.0s/14m00.0s

running (05m35.0s), 20/20 VUs, 409 complete and 0 interrupted iterations
wf01_endurance   [  40% ] 20/20 VUs  05m35.0s/14m00.0s

running (05m36.0s), 20/20 VUs, 410 complete and 0 interrupted iterations
wf01_endurance   [  40% ] 20/20 VUs  05m36.0s/14m00.0s

running (05m37.0s), 20/20 VUs, 413 complete and 0 interrupted iterations
wf01_endurance   [  40% ] 20/20 VUs  05m37.0s/14m00.0s

running (05m38.0s), 20/20 VUs, 413 complete and 0 interrupted iterations
wf01_endurance   [  40% ] 20/20 VUs  05m38.0s/14m00.0s

running (05m39.0s), 20/20 VUs, 414 complete and 0 interrupted iterations
wf01_endurance   [  40% ] 20/20 VUs  05m39.0s/14m00.0s

running (05m40.0s), 20/20 VUs, 415 complete and 0 interrupted iterations
wf01_endurance   [  40% ] 20/20 VUs  05m40.0s/14m00.0s

running (05m41.0s), 20/20 VUs, 416 complete and 0 interrupted iterations
wf01_endurance   [  41% ] 20/20 VUs  05m41.0s/14m00.0s

running (05m42.0s), 20/20 VUs, 416 complete and 0 interrupted iterations
wf01_endurance   [  41% ] 20/20 VUs  05m42.0s/14m00.0s

running (05m43.0s), 20/20 VUs, 417 complete and 0 interrupted iterations
wf01_endurance   [  41% ] 20/20 VUs  05m43.0s/14m00.0s

running (05m44.0s), 20/20 VUs, 422 complete and 0 interrupted iterations
wf01_endurance   [  41% ] 20/20 VUs  05m44.0s/14m00.0s

running (05m45.0s), 20/20 VUs, 422 complete and 0 interrupted iterations
wf01_endurance   [  41% ] 20/20 VUs  05m45.0s/14m00.0s

running (05m46.0s), 20/20 VUs, 424 complete and 0 interrupted iterations
wf01_endurance   [  41% ] 20/20 VUs  05m46.0s/14m00.0s

running (05m47.0s), 20/20 VUs, 424 complete and 0 interrupted iterations
wf01_endurance   [  41% ] 20/20 VUs  05m47.0s/14m00.0s

running (05m48.0s), 20/20 VUs, 426 complete and 0 interrupted iterations
wf01_endurance   [  41% ] 20/20 VUs  05m48.0s/14m00.0s

running (05m49.0s), 20/20 VUs, 431 complete and 0 interrupted iterations
wf01_endurance   [  42% ] 20/20 VUs  05m49.0s/14m00.0s

running (05m50.0s), 20/20 VUs, 432 complete and 0 interrupted iterations
wf01_endurance   [  42% ] 20/20 VUs  05m50.0s/14m00.0s

running (05m51.0s), 20/20 VUs, 433 complete and 0 interrupted iterations
wf01_endurance   [  42% ] 20/20 VUs  05m51.0s/14m00.0s

running (05m52.0s), 20/20 VUs, 433 complete and 0 interrupted iterations
wf01_endurance   [  42% ] 20/20 VUs  05m52.0s/14m00.0s

running (05m53.0s), 20/20 VUs, 434 complete and 0 interrupted iterations
wf01_endurance   [  42% ] 20/20 VUs  05m53.0s/14m00.0s

running (05m54.0s), 20/20 VUs, 435 complete and 0 interrupted iterations
wf01_endurance   [  42% ] 20/20 VUs  05m54.0s/14m00.0s

running (05m55.0s), 20/20 VUs, 435 complete and 0 interrupted iterations
wf01_endurance   [  42% ] 20/20 VUs  05m55.0s/14m00.0s

running (05m56.0s), 20/20 VUs, 437 complete and 0 interrupted iterations
wf01_endurance   [  42% ] 20/20 VUs  05m56.0s/14m00.0s

running (05m57.0s), 20/20 VUs, 438 complete and 0 interrupted iterations
wf01_endurance   [  42% ] 20/20 VUs  05m57.0s/14m00.0s

running (05m58.0s), 20/20 VUs, 439 complete and 0 interrupted iterations
wf01_endurance   [  43% ] 20/20 VUs  05m58.0s/14m00.0s

running (05m59.0s), 20/20 VUs, 440 complete and 0 interrupted iterations
wf01_endurance   [  43% ] 20/20 VUs  05m59.0s/14m00.0s

running (06m00.0s), 20/20 VUs, 441 complete and 0 interrupted iterations
wf01_endurance   [  43% ] 20/20 VUs  06m00.0s/14m00.0s

running (06m01.0s), 20/20 VUs, 442 complete and 0 interrupted iterations
wf01_endurance   [  43% ] 20/20 VUs  06m01.0s/14m00.0s

running (06m02.0s), 20/20 VUs, 444 complete and 0 interrupted iterations
wf01_endurance   [  43% ] 20/20 VUs  06m02.0s/14m00.0s

running (06m03.0s), 20/20 VUs, 447 complete and 0 interrupted iterations
wf01_endurance   [  43% ] 20/20 VUs  06m03.0s/14m00.0s

running (06m04.0s), 20/20 VUs, 451 complete and 0 interrupted iterations
wf01_endurance   [  43% ] 20/20 VUs  06m04.0s/14m00.0s

running (06m05.0s), 20/20 VUs, 452 complete and 0 interrupted iterations
wf01_endurance   [  43% ] 20/20 VUs  06m05.0s/14m00.0s

running (06m06.0s), 20/20 VUs, 454 complete and 0 interrupted iterations
wf01_endurance   [  44% ] 20/20 VUs  06m06.0s/14m00.0s

running (06m07.0s), 20/20 VUs, 454 complete and 0 interrupted iterations
wf01_endurance   [  44% ] 20/20 VUs  06m07.0s/14m00.0s

running (06m08.0s), 20/20 VUs, 454 complete and 0 interrupted iterations
wf01_endurance   [  44% ] 20/20 VUs  06m08.0s/14m00.0s

running (06m09.0s), 20/20 VUs, 454 complete and 0 interrupted iterations
wf01_endurance   [  44% ] 20/20 VUs  06m09.0s/14m00.0s

running (06m10.0s), 20/20 VUs, 455 complete and 0 interrupted iterations
wf01_endurance   [  44% ] 20/20 VUs  06m10.0s/14m00.0s

running (06m11.0s), 20/20 VUs, 456 complete and 0 interrupted iterations
wf01_endurance   [  44% ] 20/20 VUs  06m11.0s/14m00.0s

running (06m12.0s), 20/20 VUs, 457 complete and 0 interrupted iterations
wf01_endurance   [  44% ] 20/20 VUs  06m12.0s/14m00.0s

running (06m13.0s), 20/20 VUs, 459 complete and 0 interrupted iterations
wf01_endurance   [  44% ] 20/20 VUs  06m13.0s/14m00.0s

running (06m14.0s), 20/20 VUs, 460 complete and 0 interrupted iterations
wf01_endurance   [  45% ] 20/20 VUs  06m14.0s/14m00.0s

running (06m15.0s), 20/20 VUs, 463 complete and 0 interrupted iterations
wf01_endurance   [  45% ] 20/20 VUs  06m15.0s/14m00.0s

running (06m16.0s), 20/20 VUs, 464 complete and 0 interrupted iterations
wf01_endurance   [  45% ] 20/20 VUs  06m16.0s/14m00.0s

running (06m17.0s), 20/20 VUs, 469 complete and 0 interrupted iterations
wf01_endurance   [  45% ] 20/20 VUs  06m17.0s/14m00.0s

running (06m18.0s), 20/20 VUs, 469 complete and 0 interrupted iterations
wf01_endurance   [  45% ] 20/20 VUs  06m18.0s/14m00.0s

running (06m19.0s), 20/20 VUs, 470 complete and 0 interrupted iterations
wf01_endurance   [  45% ] 20/20 VUs  06m19.0s/14m00.0s

running (06m20.0s), 20/20 VUs, 471 complete and 0 interrupted iterations
wf01_endurance   [  45% ] 20/20 VUs  06m20.0s/14m00.0s

running (06m21.0s), 20/20 VUs, 473 complete and 0 interrupted iterations
wf01_endurance   [  45% ] 20/20 VUs  06m21.0s/14m00.0s

running (06m22.0s), 20/20 VUs, 474 complete and 0 interrupted iterations
wf01_endurance   [  45% ] 20/20 VUs  06m22.0s/14m00.0s

running (06m23.0s), 20/20 VUs, 474 complete and 0 interrupted iterations
wf01_endurance   [  46% ] 20/20 VUs  06m23.0s/14m00.0s

running (06m24.0s), 20/20 VUs, 474 complete and 0 interrupted iterations
wf01_endurance   [  46% ] 20/20 VUs  06m24.0s/14m00.0s

running (06m25.0s), 20/20 VUs, 474 complete and 0 interrupted iterations
wf01_endurance   [  46% ] 20/20 VUs  06m25.0s/14m00.0s

running (06m26.0s), 20/20 VUs, 477 complete and 0 interrupted iterations
wf01_endurance   [  46% ] 20/20 VUs  06m26.0s/14m00.0s

running (06m27.0s), 20/20 VUs, 478 complete and 0 interrupted iterations
wf01_endurance   [  46% ] 20/20 VUs  06m27.0s/14m00.0s

running (06m28.0s), 20/20 VUs, 479 complete and 0 interrupted iterations
wf01_endurance   [  46% ] 20/20 VUs  06m28.0s/14m00.0s

running (06m29.0s), 20/20 VUs, 482 complete and 0 interrupted iterations
wf01_endurance   [  46% ] 20/20 VUs  06m29.0s/14m00.0s

running (06m30.0s), 20/20 VUs, 485 complete and 0 interrupted iterations
wf01_endurance   [  46% ] 20/20 VUs  06m30.0s/14m00.0s

running (06m31.0s), 20/20 VUs, 487 complete and 0 interrupted iterations
wf01_endurance   [  47% ] 20/20 VUs  06m31.0s/14m00.0s

running (06m32.0s), 20/20 VUs, 489 complete and 0 interrupted iterations
wf01_endurance   [  47% ] 20/20 VUs  06m32.0s/14m00.0s

running (06m33.0s), 20/20 VUs, 490 complete and 0 interrupted iterations
wf01_endurance   [  47% ] 20/20 VUs  06m33.0s/14m00.0s

running (06m34.0s), 20/20 VUs, 491 complete and 0 interrupted iterations
wf01_endurance   [  47% ] 20/20 VUs  06m34.0s/14m00.0s

running (06m35.0s), 20/20 VUs, 493 complete and 0 interrupted iterations
wf01_endurance   [  47% ] 20/20 VUs  06m35.0s/14m00.0s

running (06m36.0s), 20/20 VUs, 494 complete and 0 interrupted iterations
wf01_endurance   [  47% ] 20/20 VUs  06m36.0s/14m00.0s

running (06m37.0s), 20/20 VUs, 494 complete and 0 interrupted iterations
wf01_endurance   [  47% ] 20/20 VUs  06m37.0s/14m00.0s

running (06m38.0s), 20/20 VUs, 494 complete and 0 interrupted iterations
wf01_endurance   [  47% ] 20/20 VUs  06m38.0s/14m00.0s

running (06m39.0s), 20/20 VUs, 494 complete and 0 interrupted iterations
wf01_endurance   [  47% ] 20/20 VUs  06m39.0s/14m00.0s

running (06m40.0s), 20/20 VUs, 494 complete and 0 interrupted iterations
wf01_endurance   [  48% ] 20/20 VUs  06m40.0s/14m00.0s

running (06m41.0s), 20/20 VUs, 495 complete and 0 interrupted iterations
wf01_endurance   [  48% ] 20/20 VUs  06m41.0s/14m00.0s

running (06m42.0s), 20/20 VUs, 500 complete and 0 interrupted iterations
wf01_endurance   [  48% ] 20/20 VUs  06m42.0s/14m00.0s

running (06m43.0s), 20/20 VUs, 500 complete and 0 interrupted iterations
wf01_endurance   [  48% ] 20/20 VUs  06m43.0s/14m00.0s

running (06m44.0s), 20/20 VUs, 502 complete and 0 interrupted iterations
wf01_endurance   [  48% ] 20/20 VUs  06m44.0s/14m00.0s

running (06m45.0s), 20/20 VUs, 505 complete and 0 interrupted iterations
wf01_endurance   [  48% ] 20/20 VUs  06m45.0s/14m00.0s

running (06m46.0s), 20/20 VUs, 507 complete and 0 interrupted iterations
wf01_endurance   [  48% ] 20/20 VUs  06m46.0s/14m00.0s

running (06m47.0s), 20/20 VUs, 507 complete and 0 interrupted iterations
wf01_endurance   [  48% ] 20/20 VUs  06m47.0s/14m00.0s

running (06m48.0s), 20/20 VUs, 510 complete and 0 interrupted iterations
wf01_endurance   [  49% ] 20/20 VUs  06m48.0s/14m00.0s

running (06m49.0s), 20/20 VUs, 511 complete and 0 interrupted iterations
wf01_endurance   [  49% ] 20/20 VUs  06m49.0s/14m00.0s

running (06m50.0s), 20/20 VUs, 513 complete and 0 interrupted iterations
wf01_endurance   [  49% ] 20/20 VUs  06m50.0s/14m00.0s

running (06m51.0s), 20/20 VUs, 514 complete and 0 interrupted iterations
wf01_endurance   [  49% ] 20/20 VUs  06m51.0s/14m00.0s

running (06m52.0s), 20/20 VUs, 514 complete and 0 interrupted iterations
wf01_endurance   [  49% ] 20/20 VUs  06m52.0s/14m00.0s

running (06m53.0s), 20/20 VUs, 515 complete and 0 interrupted iterations
wf01_endurance   [  49% ] 20/20 VUs  06m53.0s/14m00.0s

running (06m54.0s), 20/20 VUs, 517 complete and 0 interrupted iterations
wf01_endurance   [  49% ] 20/20 VUs  06m54.0s/14m00.0s

running (06m55.0s), 20/20 VUs, 517 complete and 0 interrupted iterations
wf01_endurance   [  49% ] 20/20 VUs  06m55.0s/14m00.0s

running (06m56.0s), 20/20 VUs, 517 complete and 0 interrupted iterations
wf01_endurance   [  50% ] 20/20 VUs  06m56.0s/14m00.0s

running (06m57.0s), 20/20 VUs, 520 complete and 0 interrupted iterations
wf01_endurance   [  50% ] 20/20 VUs  06m57.0s/14m00.0s

running (06m58.0s), 20/20 VUs, 522 complete and 0 interrupted iterations
wf01_endurance   [  50% ] 20/20 VUs  06m58.0s/14m00.0s

running (06m59.0s), 20/20 VUs, 524 complete and 0 interrupted iterations
wf01_endurance   [  50% ] 20/20 VUs  06m59.0s/14m00.0s

running (07m00.0s), 20/20 VUs, 524 complete and 0 interrupted iterations
wf01_endurance   [  50% ] 20/20 VUs  07m00.0s/14m00.0s

running (07m01.0s), 20/20 VUs, 527 complete and 0 interrupted iterations
wf01_endurance   [  50% ] 20/20 VUs  07m01.0s/14m00.0s

running (07m02.0s), 20/20 VUs, 529 complete and 0 interrupted iterations
wf01_endurance   [  50% ] 20/20 VUs  07m02.0s/14m00.0s

running (07m03.0s), 20/20 VUs, 529 complete and 0 interrupted iterations
wf01_endurance   [  50% ] 20/20 VUs  07m03.0s/14m00.0s

running (07m04.0s), 20/20 VUs, 531 complete and 0 interrupted iterations
wf01_endurance   [  50% ] 20/20 VUs  07m04.0s/14m00.0s

running (07m05.0s), 20/20 VUs, 533 complete and 0 interrupted iterations
wf01_endurance   [  51% ] 20/20 VUs  07m05.0s/14m00.0s

running (07m06.0s), 20/20 VUs, 536 complete and 0 interrupted iterations
wf01_endurance   [  51% ] 20/20 VUs  07m06.0s/14m00.0s

running (07m07.0s), 20/20 VUs, 537 complete and 0 interrupted iterations
wf01_endurance   [  51% ] 20/20 VUs  07m07.0s/14m00.0s

running (07m08.0s), 20/20 VUs, 537 complete and 0 interrupted iterations
wf01_endurance   [  51% ] 20/20 VUs  07m08.0s/14m00.0s

running (07m09.0s), 20/20 VUs, 537 complete and 0 interrupted iterations
wf01_endurance   [  51% ] 20/20 VUs  07m09.0s/14m00.0s

running (07m10.0s), 20/20 VUs, 538 complete and 0 interrupted iterations
wf01_endurance   [  51% ] 20/20 VUs  07m10.0s/14m00.0s

running (07m11.0s), 20/20 VUs, 538 complete and 0 interrupted iterations
wf01_endurance   [  51% ] 20/20 VUs  07m11.0s/14m00.0s

running (07m12.0s), 20/20 VUs, 539 complete and 0 interrupted iterations
wf01_endurance   [  51% ] 20/20 VUs  07m12.0s/14m00.0s

running (07m13.0s), 20/20 VUs, 540 complete and 0 interrupted iterations
wf01_endurance   [  52% ] 20/20 VUs  07m13.0s/14m00.0s

running (07m14.0s), 20/20 VUs, 541 complete and 0 interrupted iterations
wf01_endurance   [  52% ] 20/20 VUs  07m14.0s/14m00.0s

running (07m15.0s), 20/20 VUs, 546 complete and 0 interrupted iterations
wf01_endurance   [  52% ] 20/20 VUs  07m15.0s/14m00.0s

running (07m16.0s), 20/20 VUs, 548 complete and 0 interrupted iterations
wf01_endurance   [  52% ] 20/20 VUs  07m16.0s/14m00.0s

running (07m17.0s), 20/20 VUs, 549 complete and 0 interrupted iterations
wf01_endurance   [  52% ] 20/20 VUs  07m17.0s/14m00.0s

running (07m18.0s), 20/20 VUs, 551 complete and 0 interrupted iterations
wf01_endurance   [  52% ] 20/20 VUs  07m18.0s/14m00.0s

running (07m19.0s), 20/20 VUs, 551 complete and 0 interrupted iterations
wf01_endurance   [  52% ] 20/20 VUs  07m19.0s/14m00.0s

running (07m20.0s), 20/20 VUs, 556 complete and 0 interrupted iterations
wf01_endurance   [  52% ] 20/20 VUs  07m20.0s/14m00.0s

running (07m21.0s), 20/20 VUs, 556 complete and 0 interrupted iterations
wf01_endurance   [  52% ] 20/20 VUs  07m21.0s/14m00.0s

running (07m22.0s), 20/20 VUs, 556 complete and 0 interrupted iterations
wf01_endurance   [  53% ] 20/20 VUs  07m22.0s/14m00.0s

running (07m23.0s), 20/20 VUs, 556 complete and 0 interrupted iterations
wf01_endurance   [  53% ] 20/20 VUs  07m23.0s/14m00.0s

running (07m24.0s), 20/20 VUs, 558 complete and 0 interrupted iterations
wf01_endurance   [  53% ] 20/20 VUs  07m24.0s/14m00.0s

running (07m25.0s), 20/20 VUs, 558 complete and 0 interrupted iterations
wf01_endurance   [  53% ] 20/20 VUs  07m25.0s/14m00.0s

running (07m26.0s), 20/20 VUs, 559 complete and 0 interrupted iterations
wf01_endurance   [  53% ] 20/20 VUs  07m26.0s/14m00.0s

running (07m27.0s), 20/20 VUs, 560 complete and 0 interrupted iterations
wf01_endurance   [  53% ] 20/20 VUs  07m27.0s/14m00.0s

running (07m28.0s), 20/20 VUs, 561 complete and 0 interrupted iterations
wf01_endurance   [  53% ] 20/20 VUs  07m28.0s/14m00.0s

running (07m29.0s), 20/20 VUs, 564 complete and 0 interrupted iterations
wf01_endurance   [  53% ] 20/20 VUs  07m29.0s/14m00.0s

running (07m30.0s), 20/20 VUs, 566 complete and 0 interrupted iterations
wf01_endurance   [  54% ] 20/20 VUs  07m30.0s/14m00.0s

running (07m31.0s), 20/20 VUs, 569 complete and 0 interrupted iterations
wf01_endurance   [  54% ] 20/20 VUs  07m31.0s/14m00.0s

running (07m32.0s), 20/20 VUs, 571 complete and 0 interrupted iterations
wf01_endurance   [  54% ] 20/20 VUs  07m32.0s/14m00.0s

running (07m33.0s), 20/20 VUs, 573 complete and 0 interrupted iterations
wf01_endurance   [  54% ] 20/20 VUs  07m33.0s/14m00.0s

running (07m34.0s), 20/20 VUs, 575 complete and 0 interrupted iterations
wf01_endurance   [  54% ] 20/20 VUs  07m34.0s/14m00.0s

running (07m35.0s), 20/20 VUs, 576 complete and 0 interrupted iterations
wf01_endurance   [  54% ] 20/20 VUs  07m35.0s/14m00.0s

running (07m36.0s), 20/20 VUs, 576 complete and 0 interrupted iterations
wf01_endurance   [  54% ] 20/20 VUs  07m36.0s/14m00.0s

running (07m37.0s), 20/20 VUs, 576 complete and 0 interrupted iterations
wf01_endurance   [  54% ] 20/20 VUs  07m37.0s/14m00.0s

running (07m38.0s), 20/20 VUs, 576 complete and 0 interrupted iterations
wf01_endurance   [  55% ] 20/20 VUs  07m38.0s/14m00.0s

running (07m39.0s), 20/20 VUs, 578 complete and 0 interrupted iterations
wf01_endurance   [  55% ] 20/20 VUs  07m39.0s/14m00.0s

running (07m40.0s), 20/20 VUs, 579 complete and 0 interrupted iterations
wf01_endurance   [  55% ] 20/20 VUs  07m40.0s/14m00.0s

running (07m41.0s), 20/20 VUs, 581 complete and 0 interrupted iterations
wf01_endurance   [  55% ] 20/20 VUs  07m41.0s/14m00.0s

running (07m42.0s), 20/20 VUs, 582 complete and 0 interrupted iterations
wf01_endurance   [  55% ] 20/20 VUs  07m42.0s/14m00.0s

running (07m43.0s), 20/20 VUs, 583 complete and 0 interrupted iterations
wf01_endurance   [  55% ] 20/20 VUs  07m43.0s/14m00.0s

running (07m44.0s), 20/20 VUs, 584 complete and 0 interrupted iterations
wf01_endurance   [  55% ] 20/20 VUs  07m44.0s/14m00.0s

running (07m45.0s), 20/20 VUs, 587 complete and 0 interrupted iterations
wf01_endurance   [  55% ] 20/20 VUs  07m45.0s/14m00.0s

running (07m46.0s), 20/20 VUs, 588 complete and 0 interrupted iterations
wf01_endurance   [  55% ] 20/20 VUs  07m46.0s/14m00.0s

running (07m47.0s), 20/20 VUs, 589 complete and 0 interrupted iterations
wf01_endurance   [  56% ] 20/20 VUs  07m47.0s/14m00.0s

running (07m48.0s), 20/20 VUs, 592 complete and 0 interrupted iterations
wf01_endurance   [  56% ] 20/20 VUs  07m48.0s/14m00.0s

running (07m49.0s), 20/20 VUs, 594 complete and 0 interrupted iterations
wf01_endurance   [  56% ] 20/20 VUs  07m49.0s/14m00.0s

running (07m50.0s), 20/20 VUs, 594 complete and 0 interrupted iterations
wf01_endurance   [  56% ] 20/20 VUs  07m50.0s/14m00.0s

running (07m51.0s), 20/20 VUs, 596 complete and 0 interrupted iterations
wf01_endurance   [  56% ] 20/20 VUs  07m51.0s/14m00.0s

running (07m52.0s), 20/20 VUs, 597 complete and 0 interrupted iterations
wf01_endurance   [  56% ] 20/20 VUs  07m52.0s/14m00.0s

running (07m53.0s), 20/20 VUs, 597 complete and 0 interrupted iterations
wf01_endurance   [  56% ] 20/20 VUs  07m53.0s/14m00.0s

running (07m54.0s), 20/20 VUs, 600 complete and 0 interrupted iterations
wf01_endurance   [  56% ] 20/20 VUs  07m54.0s/14m00.0s

running (07m55.0s), 20/20 VUs, 601 complete and 0 interrupted iterations
wf01_endurance   [  57% ] 20/20 VUs  07m55.0s/14m00.0s

running (07m56.0s), 20/20 VUs, 601 complete and 0 interrupted iterations
wf01_endurance   [  57% ] 20/20 VUs  07m56.0s/14m00.0s

running (07m57.0s), 20/20 VUs, 601 complete and 0 interrupted iterations
wf01_endurance   [  57% ] 20/20 VUs  07m57.0s/14m00.0s

running (07m58.0s), 20/20 VUs, 602 complete and 0 interrupted iterations
wf01_endurance   [  57% ] 20/20 VUs  07m58.0s/14m00.0s

running (07m59.0s), 20/20 VUs, 603 complete and 0 interrupted iterations
wf01_endurance   [  57% ] 20/20 VUs  07m59.0s/14m00.0s

running (08m00.0s), 20/20 VUs, 606 complete and 0 interrupted iterations
wf01_endurance   [  57% ] 20/20 VUs  08m00.0s/14m00.0s

running (08m01.0s), 20/20 VUs, 608 complete and 0 interrupted iterations
wf01_endurance   [  57% ] 20/20 VUs  08m01.0s/14m00.0s

running (08m02.0s), 20/20 VUs, 610 complete and 0 interrupted iterations
wf01_endurance   [  57% ] 20/20 VUs  08m02.0s/14m00.0s

running (08m03.0s), 20/20 VUs, 613 complete and 0 interrupted iterations
wf01_endurance   [  57% ] 20/20 VUs  08m03.0s/14m00.0s

running (08m04.0s), 20/20 VUs, 613 complete and 0 interrupted iterations
wf01_endurance   [  58% ] 20/20 VUs  08m04.0s/14m00.0s

running (08m05.0s), 20/20 VUs, 614 complete and 0 interrupted iterations
wf01_endurance   [  58% ] 20/20 VUs  08m05.0s/14m00.0s

running (08m06.0s), 20/20 VUs, 616 complete and 0 interrupted iterations
wf01_endurance   [  58% ] 20/20 VUs  08m06.0s/14m00.0s

running (08m07.0s), 20/20 VUs, 618 complete and 0 interrupted iterations
wf01_endurance   [  58% ] 20/20 VUs  08m07.0s/14m00.0s

running (08m08.0s), 20/20 VUs, 619 complete and 0 interrupted iterations
wf01_endurance   [  58% ] 20/20 VUs  08m08.0s/14m00.0s

running (08m09.0s), 20/20 VUs, 619 complete and 0 interrupted iterations
wf01_endurance   [  58% ] 20/20 VUs  08m09.0s/14m00.0s

running (08m10.0s), 20/20 VUs, 620 complete and 0 interrupted iterations
wf01_endurance   [  58% ] 20/20 VUs  08m10.0s/14m00.0s

running (08m11.0s), 20/20 VUs, 622 complete and 0 interrupted iterations
wf01_endurance   [  58% ] 20/20 VUs  08m11.0s/14m00.0s

running (08m12.0s), 20/20 VUs, 622 complete and 0 interrupted iterations
wf01_endurance   [  59% ] 20/20 VUs  08m12.0s/14m00.0s

running (08m13.0s), 20/20 VUs, 623 complete and 0 interrupted iterations
wf01_endurance   [  59% ] 20/20 VUs  08m13.0s/14m00.0s

running (08m14.0s), 20/20 VUs, 625 complete and 0 interrupted iterations
wf01_endurance   [  59% ] 20/20 VUs  08m14.0s/14m00.0s

running (08m15.0s), 20/20 VUs, 630 complete and 0 interrupted iterations
wf01_endurance   [  59% ] 20/20 VUs  08m15.0s/14m00.0s

running (08m16.0s), 20/20 VUs, 631 complete and 0 interrupted iterations
wf01_endurance   [  59% ] 20/20 VUs  08m16.0s/14m00.0s

running (08m17.0s), 20/20 VUs, 632 complete and 0 interrupted iterations
wf01_endurance   [  59% ] 20/20 VUs  08m17.0s/14m00.0s

running (08m18.0s), 20/20 VUs, 633 complete and 0 interrupted iterations
wf01_endurance   [  59% ] 20/20 VUs  08m18.0s/14m00.0s

running (08m19.0s), 20/20 VUs, 635 complete and 0 interrupted iterations
wf01_endurance   [  59% ] 20/20 VUs  08m19.0s/14m00.0s

running (08m20.0s), 20/20 VUs, 635 complete and 0 interrupted iterations
wf01_endurance   [  60% ] 20/20 VUs  08m20.0s/14m00.0s

running (08m21.0s), 20/20 VUs, 636 complete and 0 interrupted iterations
wf01_endurance   [  60% ] 20/20 VUs  08m21.0s/14m00.0s

running (08m22.0s), 20/20 VUs, 636 complete and 0 interrupted iterations
wf01_endurance   [  60% ] 20/20 VUs  08m22.0s/14m00.0s

running (08m23.0s), 20/20 VUs, 639 complete and 0 interrupted iterations
wf01_endurance   [  60% ] 20/20 VUs  08m23.0s/14m00.0s

running (08m24.0s), 20/20 VUs, 639 complete and 0 interrupted iterations
wf01_endurance   [  60% ] 20/20 VUs  08m24.0s/14m00.0s

running (08m25.0s), 20/20 VUs, 639 complete and 0 interrupted iterations
wf01_endurance   [  60% ] 20/20 VUs  08m25.0s/14m00.0s

running (08m26.0s), 20/20 VUs, 640 complete and 0 interrupted iterations
wf01_endurance   [  60% ] 20/20 VUs  08m26.0s/14m00.0s

running (08m27.0s), 20/20 VUs, 641 complete and 0 interrupted iterations
wf01_endurance   [  60% ] 20/20 VUs  08m27.0s/14m00.0s

running (08m28.0s), 20/20 VUs, 644 complete and 0 interrupted iterations
wf01_endurance   [  60% ] 20/20 VUs  08m28.0s/14m00.0s

running (08m29.0s), 20/20 VUs, 647 complete and 0 interrupted iterations
wf01_endurance   [  61% ] 20/20 VUs  08m29.0s/14m00.0s

running (08m30.0s), 20/20 VUs, 647 complete and 0 interrupted iterations
wf01_endurance   [  61% ] 20/20 VUs  08m30.0s/14m00.0s

running (08m31.0s), 20/20 VUs, 649 complete and 0 interrupted iterations
wf01_endurance   [  61% ] 20/20 VUs  08m31.0s/14m00.0s

running (08m32.0s), 20/20 VUs, 653 complete and 0 interrupted iterations
wf01_endurance   [  61% ] 20/20 VUs  08m32.0s/14m00.0s

running (08m33.0s), 20/20 VUs, 655 complete and 0 interrupted iterations
wf01_endurance   [  61% ] 20/20 VUs  08m33.0s/14m00.0s

running (08m34.0s), 20/20 VUs, 655 complete and 0 interrupted iterations
wf01_endurance   [  61% ] 20/20 VUs  08m34.0s/14m00.0s

running (08m35.0s), 20/20 VUs, 655 complete and 0 interrupted iterations
wf01_endurance   [  61% ] 20/20 VUs  08m35.0s/14m00.0s

running (08m36.0s), 20/20 VUs, 656 complete and 0 interrupted iterations
wf01_endurance   [  61% ] 20/20 VUs  08m36.0s/14m00.0s

running (08m37.0s), 20/20 VUs, 657 complete and 0 interrupted iterations
wf01_endurance   [  62% ] 20/20 VUs  08m37.0s/14m00.0s

running (08m38.0s), 20/20 VUs, 658 complete and 0 interrupted iterations
wf01_endurance   [  62% ] 20/20 VUs  08m38.0s/14m00.0s

running (08m39.0s), 20/20 VUs, 659 complete and 0 interrupted iterations
wf01_endurance   [  62% ] 20/20 VUs  08m39.0s/14m00.0s

running (08m40.0s), 20/20 VUs, 659 complete and 0 interrupted iterations
wf01_endurance   [  62% ] 20/20 VUs  08m40.0s/14m00.0s

running (08m41.0s), 20/20 VUs, 660 complete and 0 interrupted iterations
wf01_endurance   [  62% ] 20/20 VUs  08m41.0s/14m00.0s

running (08m42.0s), 20/20 VUs, 661 complete and 0 interrupted iterations
wf01_endurance   [  62% ] 20/20 VUs  08m42.0s/14m00.0s

running (08m43.0s), 20/20 VUs, 664 complete and 0 interrupted iterations
wf01_endurance   [  62% ] 20/20 VUs  08m43.0s/14m00.0s

running (08m44.0s), 20/20 VUs, 665 complete and 0 interrupted iterations
wf01_endurance   [  62% ] 20/20 VUs  08m44.0s/14m00.0s

running (08m45.0s), 20/20 VUs, 667 complete and 0 interrupted iterations
wf01_endurance   [  62% ] 20/20 VUs  08m45.0s/14m00.0s

running (08m46.0s), 20/20 VUs, 670 complete and 0 interrupted iterations
wf01_endurance   [  63% ] 20/20 VUs  08m46.0s/14m00.0s

running (08m47.0s), 20/20 VUs, 672 complete and 0 interrupted iterations
wf01_endurance   [  63% ] 20/20 VUs  08m47.0s/14m00.0s

running (08m48.0s), 20/20 VUs, 673 complete and 0 interrupted iterations
wf01_endurance   [  63% ] 20/20 VUs  08m48.0s/14m00.0s

running (08m49.0s), 20/20 VUs, 674 complete and 0 interrupted iterations
wf01_endurance   [  63% ] 20/20 VUs  08m49.0s/14m00.0s

running (08m50.0s), 20/20 VUs, 676 complete and 0 interrupted iterations
wf01_endurance   [  63% ] 20/20 VUs  08m50.0s/14m00.0s

running (08m51.0s), 20/20 VUs, 676 complete and 0 interrupted iterations
wf01_endurance   [  63% ] 20/20 VUs  08m51.0s/14m00.0s

running (08m52.0s), 20/20 VUs, 677 complete and 0 interrupted iterations
wf01_endurance   [  63% ] 20/20 VUs  08m52.0s/14m00.0s

running (08m53.0s), 20/20 VUs, 677 complete and 0 interrupted iterations
wf01_endurance   [  63% ] 20/20 VUs  08m53.0s/14m00.0s

running (08m54.0s), 20/20 VUs, 679 complete and 0 interrupted iterations
wf01_endurance   [  64% ] 20/20 VUs  08m54.0s/14m00.0s

running (08m55.0s), 20/20 VUs, 680 complete and 0 interrupted iterations
wf01_endurance   [  64% ] 20/20 VUs  08m55.0s/14m00.0s

running (08m56.0s), 20/20 VUs, 682 complete and 0 interrupted iterations
wf01_endurance   [  64% ] 20/20 VUs  08m56.0s/14m00.0s

running (08m57.0s), 20/20 VUs, 682 complete and 0 interrupted iterations
wf01_endurance   [  64% ] 20/20 VUs  08m57.0s/14m00.0s

running (08m58.0s), 20/20 VUs, 684 complete and 0 interrupted iterations
wf01_endurance   [  64% ] 20/20 VUs  08m58.0s/14m00.0s

running (08m59.0s), 20/20 VUs, 686 complete and 0 interrupted iterations
wf01_endurance   [  64% ] 20/20 VUs  08m59.0s/14m00.0s

running (09m00.0s), 20/20 VUs, 688 complete and 0 interrupted iterations
wf01_endurance   [  64% ] 20/20 VUs  09m00.0s/14m00.0s

running (09m01.0s), 20/20 VUs, 690 complete and 0 interrupted iterations
wf01_endurance   [  64% ] 20/20 VUs  09m01.0s/14m00.0s

running (09m02.0s), 20/20 VUs, 691 complete and 0 interrupted iterations
wf01_endurance   [  65% ] 20/20 VUs  09m02.0s/14m00.0s

running (09m03.0s), 20/20 VUs, 693 complete and 0 interrupted iterations
wf01_endurance   [  65% ] 20/20 VUs  09m03.0s/14m00.0s

running (09m04.0s), 20/20 VUs, 693 complete and 0 interrupted iterations
wf01_endurance   [  65% ] 20/20 VUs  09m04.0s/14m00.0s

running (09m05.0s), 20/20 VUs, 695 complete and 0 interrupted iterations
wf01_endurance   [  65% ] 20/20 VUs  09m05.0s/14m00.0s

running (09m06.0s), 20/20 VUs, 695 complete and 0 interrupted iterations
wf01_endurance   [  65% ] 20/20 VUs  09m06.0s/14m00.0s

running (09m07.0s), 20/20 VUs, 697 complete and 0 interrupted iterations
wf01_endurance   [  65% ] 20/20 VUs  09m07.0s/14m00.0s

running (09m08.0s), 20/20 VUs, 699 complete and 0 interrupted iterations
wf01_endurance   [  65% ] 20/20 VUs  09m08.0s/14m00.0s

running (09m09.0s), 20/20 VUs, 702 complete and 0 interrupted iterations
wf01_endurance   [  65% ] 20/20 VUs  09m09.0s/14m00.0s

running (09m10.0s), 20/20 VUs, 702 complete and 0 interrupted iterations
wf01_endurance   [  65% ] 20/20 VUs  09m10.0s/14m00.0s

running (09m11.0s), 20/20 VUs, 702 complete and 0 interrupted iterations
wf01_endurance   [  66% ] 20/20 VUs  09m11.0s/14m00.0s

running (09m12.0s), 20/20 VUs, 705 complete and 0 interrupted iterations
wf01_endurance   [  66% ] 20/20 VUs  09m12.0s/14m00.0s

running (09m13.0s), 20/20 VUs, 706 complete and 0 interrupted iterations
wf01_endurance   [  66% ] 20/20 VUs  09m13.0s/14m00.0s

running (09m14.0s), 20/20 VUs, 707 complete and 0 interrupted iterations
wf01_endurance   [  66% ] 20/20 VUs  09m14.0s/14m00.0s

running (09m15.0s), 20/20 VUs, 707 complete and 0 interrupted iterations
wf01_endurance   [  66% ] 20/20 VUs  09m15.0s/14m00.0s

running (09m16.0s), 20/20 VUs, 710 complete and 0 interrupted iterations
wf01_endurance   [  66% ] 20/20 VUs  09m16.0s/14m00.0s

running (09m17.0s), 20/20 VUs, 711 complete and 0 interrupted iterations
wf01_endurance   [  66% ] 20/20 VUs  09m17.0s/14m00.0s

running (09m18.0s), 20/20 VUs, 712 complete and 0 interrupted iterations
wf01_endurance   [  66% ] 20/20 VUs  09m18.0s/14m00.0s

running (09m19.0s), 20/20 VUs, 712 complete and 0 interrupted iterations
wf01_endurance   [  67% ] 20/20 VUs  09m19.0s/14m00.0s

running (09m20.0s), 20/20 VUs, 714 complete and 0 interrupted iterations
wf01_endurance   [  67% ] 20/20 VUs  09m20.0s/14m00.0s

running (09m21.0s), 20/20 VUs, 715 complete and 0 interrupted iterations
wf01_endurance   [  67% ] 20/20 VUs  09m21.0s/14m00.0s

running (09m22.0s), 20/20 VUs, 717 complete and 0 interrupted iterations
wf01_endurance   [  67% ] 20/20 VUs  09m22.0s/14m00.0s

running (09m23.0s), 20/20 VUs, 718 complete and 0 interrupted iterations
wf01_endurance   [  67% ] 20/20 VUs  09m23.0s/14m00.0s

running (09m24.0s), 20/20 VUs, 721 complete and 0 interrupted iterations
wf01_endurance   [  67% ] 20/20 VUs  09m24.0s/14m00.0s

running (09m25.0s), 20/20 VUs, 723 complete and 0 interrupted iterations
wf01_endurance   [  67% ] 20/20 VUs  09m25.0s/14m00.0s

running (09m26.0s), 20/20 VUs, 724 complete and 0 interrupted iterations
wf01_endurance   [  67% ] 20/20 VUs  09m26.0s/14m00.0s

running (09m27.0s), 20/20 VUs, 725 complete and 0 interrupted iterations
wf01_endurance   [  67% ] 20/20 VUs  09m27.0s/14m00.0s

running (09m28.0s), 20/20 VUs, 727 complete and 0 interrupted iterations
wf01_endurance   [  68% ] 20/20 VUs  09m28.0s/14m00.0s

running (09m29.0s), 20/20 VUs, 727 complete and 0 interrupted iterations
wf01_endurance   [  68% ] 20/20 VUs  09m29.0s/14m00.0s

running (09m30.0s), 20/20 VUs, 729 complete and 0 interrupted iterations
wf01_endurance   [  68% ] 20/20 VUs  09m30.0s/14m00.0s

running (09m31.0s), 20/20 VUs, 730 complete and 0 interrupted iterations
wf01_endurance   [  68% ] 20/20 VUs  09m31.0s/14m00.0s

running (09m32.0s), 20/20 VUs, 730 complete and 0 interrupted iterations
wf01_endurance   [  68% ] 20/20 VUs  09m32.0s/14m00.0s

running (09m33.0s), 20/20 VUs, 733 complete and 0 interrupted iterations
wf01_endurance   [  68% ] 20/20 VUs  09m33.0s/14m00.0s

running (09m34.0s), 20/20 VUs, 733 complete and 0 interrupted iterations
wf01_endurance   [  68% ] 20/20 VUs  09m34.0s/14m00.0s

running (09m35.0s), 20/20 VUs, 735 complete and 0 interrupted iterations
wf01_endurance   [  68% ] 20/20 VUs  09m35.0s/14m00.0s

running (09m36.0s), 20/20 VUs, 736 complete and 0 interrupted iterations
wf01_endurance   [  69% ] 20/20 VUs  09m36.0s/14m00.0s

running (09m37.0s), 20/20 VUs, 738 complete and 0 interrupted iterations
wf01_endurance   [  69% ] 20/20 VUs  09m37.0s/14m00.0s

running (09m38.0s), 20/20 VUs, 739 complete and 0 interrupted iterations
wf01_endurance   [  69% ] 20/20 VUs  09m38.0s/14m00.0s

running (09m39.0s), 20/20 VUs, 742 complete and 0 interrupted iterations
wf01_endurance   [  69% ] 20/20 VUs  09m39.0s/14m00.0s

running (09m40.0s), 20/20 VUs, 742 complete and 0 interrupted iterations
wf01_endurance   [  69% ] 20/20 VUs  09m40.0s/14m00.0s

running (09m41.0s), 20/20 VUs, 743 complete and 0 interrupted iterations
wf01_endurance   [  69% ] 20/20 VUs  09m41.0s/14m00.0s

running (09m42.0s), 20/20 VUs, 743 complete and 0 interrupted iterations
wf01_endurance   [  69% ] 20/20 VUs  09m42.0s/14m00.0s

running (09m43.0s), 20/20 VUs, 747 complete and 0 interrupted iterations
wf01_endurance   [  69% ] 20/20 VUs  09m43.0s/14m00.0s

running (09m44.0s), 20/20 VUs, 749 complete and 0 interrupted iterations
wf01_endurance   [  70% ] 20/20 VUs  09m44.0s/14m00.0s

running (09m45.0s), 20/20 VUs, 750 complete and 0 interrupted iterations
wf01_endurance   [  70% ] 20/20 VUs  09m45.0s/14m00.0s

running (09m46.0s), 20/20 VUs, 751 complete and 0 interrupted iterations
wf01_endurance   [  70% ] 20/20 VUs  09m46.0s/14m00.0s

running (09m47.0s), 20/20 VUs, 754 complete and 0 interrupted iterations
wf01_endurance   [  70% ] 20/20 VUs  09m47.0s/14m00.0s

running (09m48.0s), 20/20 VUs, 754 complete and 0 interrupted iterations
wf01_endurance   [  70% ] 20/20 VUs  09m48.0s/14m00.0s

running (09m49.0s), 20/20 VUs, 755 complete and 0 interrupted iterations
wf01_endurance   [  70% ] 20/20 VUs  09m49.0s/14m00.0s

running (09m50.0s), 20/20 VUs, 757 complete and 0 interrupted iterations
wf01_endurance   [  70% ] 20/20 VUs  09m50.0s/14m00.0s

running (09m51.0s), 20/20 VUs, 757 complete and 0 interrupted iterations
wf01_endurance   [  70% ] 20/20 VUs  09m51.0s/14m00.0s

running (09m52.0s), 20/20 VUs, 757 complete and 0 interrupted iterations
wf01_endurance   [  70% ] 20/20 VUs  09m52.0s/14m00.0s

running (09m53.0s), 20/20 VUs, 759 complete and 0 interrupted iterations
wf01_endurance   [  71% ] 20/20 VUs  09m53.0s/14m00.0s

running (09m54.0s), 20/20 VUs, 761 complete and 0 interrupted iterations
wf01_endurance   [  71% ] 20/20 VUs  09m54.0s/14m00.0s

running (09m55.0s), 20/20 VUs, 763 complete and 0 interrupted iterations
wf01_endurance   [  71% ] 20/20 VUs  09m55.0s/14m00.0s

running (09m56.0s), 20/20 VUs, 763 complete and 0 interrupted iterations
wf01_endurance   [  71% ] 20/20 VUs  09m56.0s/14m00.0s

running (09m57.0s), 20/20 VUs, 764 complete and 0 interrupted iterations
wf01_endurance   [  71% ] 20/20 VUs  09m57.0s/14m00.0s

running (09m58.0s), 20/20 VUs, 766 complete and 0 interrupted iterations
wf01_endurance   [  71% ] 20/20 VUs  09m58.0s/14m00.0s

running (09m59.0s), 20/20 VUs, 769 complete and 0 interrupted iterations
wf01_endurance   [  71% ] 20/20 VUs  09m59.0s/14m00.0s

running (10m00.0s), 20/20 VUs, 770 complete and 0 interrupted iterations
wf01_endurance   [  71% ] 20/20 VUs  10m00.0s/14m00.0s

running (10m01.0s), 20/20 VUs, 772 complete and 0 interrupted iterations
wf01_endurance   [  72% ] 20/20 VUs  10m01.0s/14m00.0s

running (10m02.0s), 20/20 VUs, 773 complete and 0 interrupted iterations
wf01_endurance   [  72% ] 20/20 VUs  10m02.0s/14m00.0s

running (10m03.0s), 20/20 VUs, 774 complete and 0 interrupted iterations
wf01_endurance   [  72% ] 20/20 VUs  10m03.0s/14m00.0s

running (10m04.0s), 20/20 VUs, 776 complete and 0 interrupted iterations
wf01_endurance   [  72% ] 20/20 VUs  10m04.0s/14m00.0s

running (10m05.0s), 20/20 VUs, 776 complete and 0 interrupted iterations
wf01_endurance   [  72% ] 20/20 VUs  10m05.0s/14m00.0s

running (10m06.0s), 20/20 VUs, 779 complete and 0 interrupted iterations
wf01_endurance   [  72% ] 20/20 VUs  10m06.0s/14m00.0s

running (10m07.0s), 20/20 VUs, 779 complete and 0 interrupted iterations
wf01_endurance   [  72% ] 20/20 VUs  10m07.0s/14m00.0s

running (10m08.0s), 20/20 VUs, 780 complete and 0 interrupted iterations
wf01_endurance   [  72% ] 20/20 VUs  10m08.0s/14m00.0s

running (10m09.0s), 20/20 VUs, 783 complete and 0 interrupted iterations
wf01_endurance   [  72% ] 20/20 VUs  10m09.0s/14m00.0s

running (10m10.0s), 20/20 VUs, 784 complete and 0 interrupted iterations
wf01_endurance   [  73% ] 20/20 VUs  10m10.0s/14m00.0s

running (10m11.0s), 20/20 VUs, 785 complete and 0 interrupted iterations
wf01_endurance   [  73% ] 20/20 VUs  10m11.0s/14m00.0s

running (10m12.0s), 20/20 VUs, 786 complete and 0 interrupted iterations
wf01_endurance   [  73% ] 20/20 VUs  10m12.0s/14m00.0s

running (10m13.0s), 20/20 VUs, 788 complete and 0 interrupted iterations
wf01_endurance   [  73% ] 20/20 VUs  10m13.0s/14m00.0s

running (10m14.0s), 20/20 VUs, 789 complete and 0 interrupted iterations
wf01_endurance   [  73% ] 20/20 VUs  10m14.0s/14m00.0s

running (10m15.0s), 20/20 VUs, 790 complete and 0 interrupted iterations
wf01_endurance   [  73% ] 20/20 VUs  10m15.0s/14m00.0s

running (10m16.0s), 20/20 VUs, 792 complete and 0 interrupted iterations
wf01_endurance   [  73% ] 20/20 VUs  10m16.0s/14m00.0s

running (10m17.0s), 20/20 VUs, 792 complete and 0 interrupted iterations
wf01_endurance   [  73% ] 20/20 VUs  10m17.0s/14m00.0s

running (10m18.0s), 20/20 VUs, 793 complete and 0 interrupted iterations
wf01_endurance   [  74% ] 20/20 VUs  10m18.0s/14m00.0s

running (10m19.0s), 20/20 VUs, 795 complete and 0 interrupted iterations
wf01_endurance   [  74% ] 20/20 VUs  10m19.0s/14m00.0s

running (10m20.0s), 20/20 VUs, 798 complete and 0 interrupted iterations
wf01_endurance   [  74% ] 20/20 VUs  10m20.0s/14m00.0s

running (10m21.0s), 20/20 VUs, 799 complete and 0 interrupted iterations
wf01_endurance   [  74% ] 20/20 VUs  10m21.0s/14m00.0s

running (10m22.0s), 20/20 VUs, 800 complete and 0 interrupted iterations
wf01_endurance   [  74% ] 20/20 VUs  10m22.0s/14m00.0s

running (10m23.0s), 20/20 VUs, 801 complete and 0 interrupted iterations
wf01_endurance   [  74% ] 20/20 VUs  10m23.0s/14m00.0s

running (10m24.0s), 20/20 VUs, 804 complete and 0 interrupted iterations
wf01_endurance   [  74% ] 20/20 VUs  10m24.0s/14m00.0s

running (10m25.0s), 20/20 VUs, 804 complete and 0 interrupted iterations
wf01_endurance   [  74% ] 20/20 VUs  10m25.0s/14m00.0s

running (10m26.0s), 20/20 VUs, 806 complete and 0 interrupted iterations
wf01_endurance   [  75% ] 20/20 VUs  10m26.0s/14m00.0s

running (10m27.0s), 20/20 VUs, 807 complete and 0 interrupted iterations
wf01_endurance   [  75% ] 20/20 VUs  10m27.0s/14m00.0s

running (10m28.0s), 20/20 VUs, 810 complete and 0 interrupted iterations
wf01_endurance   [  75% ] 20/20 VUs  10m28.0s/14m00.0s

running (10m29.0s), 20/20 VUs, 810 complete and 0 interrupted iterations
wf01_endurance   [  75% ] 20/20 VUs  10m29.0s/14m00.0s

running (10m30.0s), 20/20 VUs, 811 complete and 0 interrupted iterations
wf01_endurance   [  75% ] 20/20 VUs  10m30.0s/14m00.0s

running (10m31.0s), 20/20 VUs, 811 complete and 0 interrupted iterations
wf01_endurance   [  75% ] 20/20 VUs  10m31.0s/14m00.0s

running (10m32.0s), 20/20 VUs, 812 complete and 0 interrupted iterations
wf01_endurance   [  75% ] 20/20 VUs  10m32.0s/14m00.0s

running (10m33.0s), 20/20 VUs, 813 complete and 0 interrupted iterations
wf01_endurance   [  75% ] 20/20 VUs  10m33.0s/14m00.0s

running (10m34.0s), 20/20 VUs, 816 complete and 0 interrupted iterations
wf01_endurance   [  75% ] 20/20 VUs  10m34.0s/14m00.0s

running (10m35.0s), 20/20 VUs, 819 complete and 0 interrupted iterations
wf01_endurance   [  76% ] 20/20 VUs  10m35.0s/14m00.0s

running (10m36.0s), 20/20 VUs, 821 complete and 0 interrupted iterations
wf01_endurance   [  76% ] 20/20 VUs  10m36.0s/14m00.0s

running (10m37.0s), 20/20 VUs, 822 complete and 0 interrupted iterations
wf01_endurance   [  76% ] 20/20 VUs  10m37.0s/14m00.0s

running (10m38.0s), 20/20 VUs, 823 complete and 0 interrupted iterations
wf01_endurance   [  76% ] 20/20 VUs  10m38.0s/14m00.0s

running (10m39.0s), 20/20 VUs, 824 complete and 0 interrupted iterations
wf01_endurance   [  76% ] 20/20 VUs  10m39.0s/14m00.0s

running (10m40.0s), 20/20 VUs, 826 complete and 0 interrupted iterations
wf01_endurance   [  76% ] 20/20 VUs  10m40.0s/14m00.0s

running (10m41.0s), 20/20 VUs, 828 complete and 0 interrupted iterations
wf01_endurance   [  76% ] 20/20 VUs  10m41.0s/14m00.0s

running (10m42.0s), 20/20 VUs, 830 complete and 0 interrupted iterations
wf01_endurance   [  76% ] 20/20 VUs  10m42.0s/14m00.0s

running (10m43.0s), 20/20 VUs, 831 complete and 0 interrupted iterations
wf01_endurance   [  77% ] 20/20 VUs  10m43.0s/14m00.0s

running (10m44.0s), 20/20 VUs, 831 complete and 0 interrupted iterations
wf01_endurance   [  77% ] 20/20 VUs  10m44.0s/14m00.0s

running (10m45.0s), 20/20 VUs, 832 complete and 0 interrupted iterations
wf01_endurance   [  77% ] 20/20 VUs  10m45.0s/14m00.0s

running (10m46.0s), 20/20 VUs, 833 complete and 0 interrupted iterations
wf01_endurance   [  77% ] 20/20 VUs  10m46.0s/14m00.0s

running (10m47.0s), 20/20 VUs, 835 complete and 0 interrupted iterations
wf01_endurance   [  77% ] 20/20 VUs  10m47.0s/14m00.0s

running (10m48.0s), 20/20 VUs, 838 complete and 0 interrupted iterations
wf01_endurance   [  77% ] 20/20 VUs  10m48.0s/14m00.0s

running (10m49.0s), 20/20 VUs, 838 complete and 0 interrupted iterations
wf01_endurance   [  77% ] 20/20 VUs  10m49.0s/14m00.0s

running (10m50.0s), 20/20 VUs, 838 complete and 0 interrupted iterations
wf01_endurance   [  77% ] 20/20 VUs  10m50.0s/14m00.0s

running (10m51.0s), 20/20 VUs, 839 complete and 0 interrupted iterations
wf01_endurance   [  77% ] 20/20 VUs  10m51.0s/14m00.0s

running (10m52.0s), 20/20 VUs, 841 complete and 0 interrupted iterations
wf01_endurance   [  78% ] 20/20 VUs  10m52.0s/14m00.0s

running (10m53.0s), 20/20 VUs, 843 complete and 0 interrupted iterations
wf01_endurance   [  78% ] 20/20 VUs  10m53.0s/14m00.0s

running (10m54.0s), 20/20 VUs, 845 complete and 0 interrupted iterations
wf01_endurance   [  78% ] 20/20 VUs  10m54.0s/14m00.0s

running (10m55.0s), 20/20 VUs, 847 complete and 0 interrupted iterations
wf01_endurance   [  78% ] 20/20 VUs  10m55.0s/14m00.0s

running (10m56.0s), 20/20 VUs, 847 complete and 0 interrupted iterations
wf01_endurance   [  78% ] 20/20 VUs  10m56.0s/14m00.0s

running (10m57.0s), 20/20 VUs, 849 complete and 0 interrupted iterations
wf01_endurance   [  78% ] 20/20 VUs  10m57.0s/14m00.0s

running (10m58.0s), 20/20 VUs, 850 complete and 0 interrupted iterations
wf01_endurance   [  78% ] 20/20 VUs  10m58.0s/14m00.0s

running (10m59.0s), 20/20 VUs, 852 complete and 0 interrupted iterations
wf01_endurance   [  78% ] 20/20 VUs  10m59.0s/14m00.0s

running (11m00.0s), 20/20 VUs, 854 complete and 0 interrupted iterations
wf01_endurance   [  79% ] 20/20 VUs  11m00.0s/14m00.0s

running (11m01.0s), 20/20 VUs, 855 complete and 0 interrupted iterations
wf01_endurance   [  79% ] 20/20 VUs  11m01.0s/14m00.0s

running (11m02.0s), 20/20 VUs, 856 complete and 0 interrupted iterations
wf01_endurance   [  79% ] 20/20 VUs  11m02.0s/14m00.0s

running (11m03.0s), 20/20 VUs, 857 complete and 0 interrupted iterations
wf01_endurance   [  79% ] 20/20 VUs  11m03.0s/14m00.0s

running (11m04.0s), 20/20 VUs, 858 complete and 0 interrupted iterations
wf01_endurance   [  79% ] 20/20 VUs  11m04.0s/14m00.0s

running (11m05.0s), 20/20 VUs, 859 complete and 0 interrupted iterations
wf01_endurance   [  79% ] 20/20 VUs  11m05.0s/14m00.0s

running (11m06.0s), 20/20 VUs, 860 complete and 0 interrupted iterations
wf01_endurance   [  79% ] 20/20 VUs  11m06.0s/14m00.0s

running (11m07.0s), 20/20 VUs, 862 complete and 0 interrupted iterations
wf01_endurance   [  79% ] 20/20 VUs  11m07.0s/14m00.0s

running (11m08.0s), 20/20 VUs, 864 complete and 0 interrupted iterations
wf01_endurance   [  80% ] 20/20 VUs  11m08.0s/14m00.0s

running (11m09.0s), 20/20 VUs, 864 complete and 0 interrupted iterations
wf01_endurance   [  80% ] 20/20 VUs  11m09.0s/14m00.0s

running (11m10.0s), 20/20 VUs, 866 complete and 0 interrupted iterations
wf01_endurance   [  80% ] 20/20 VUs  11m10.0s/14m00.0s

running (11m11.0s), 20/20 VUs, 867 complete and 0 interrupted iterations
wf01_endurance   [  80% ] 20/20 VUs  11m11.0s/14m00.0s

running (11m12.0s), 20/20 VUs, 870 complete and 0 interrupted iterations
wf01_endurance   [  80% ] 20/20 VUs  11m12.0s/14m00.0s

running (11m13.0s), 20/20 VUs, 871 complete and 0 interrupted iterations
wf01_endurance   [  80% ] 20/20 VUs  11m13.0s/14m00.0s

running (11m14.0s), 20/20 VUs, 871 complete and 0 interrupted iterations
wf01_endurance   [  80% ] 20/20 VUs  11m14.0s/14m00.0s

running (11m15.0s), 20/20 VUs, 873 complete and 0 interrupted iterations
wf01_endurance   [  80% ] 20/20 VUs  11m15.0s/14m00.0s

running (11m16.0s), 20/20 VUs, 874 complete and 0 interrupted iterations
wf01_endurance   [  80% ] 20/20 VUs  11m16.0s/14m00.0s

running (11m17.0s), 20/20 VUs, 875 complete and 0 interrupted iterations
wf01_endurance   [  81% ] 20/20 VUs  11m17.0s/14m00.0s

running (11m18.0s), 20/20 VUs, 876 complete and 0 interrupted iterations
wf01_endurance   [  81% ] 20/20 VUs  11m18.0s/14m00.0s

running (11m19.0s), 20/20 VUs, 877 complete and 0 interrupted iterations
wf01_endurance   [  81% ] 20/20 VUs  11m19.0s/14m00.0s

running (11m20.0s), 20/20 VUs, 878 complete and 0 interrupted iterations
wf01_endurance   [  81% ] 20/20 VUs  11m20.0s/14m00.0s

running (11m21.0s), 20/20 VUs, 879 complete and 0 interrupted iterations
wf01_endurance   [  81% ] 20/20 VUs  11m21.0s/14m00.0s

running (11m22.0s), 20/20 VUs, 881 complete and 0 interrupted iterations
wf01_endurance   [  81% ] 20/20 VUs  11m22.0s/14m00.0s

running (11m23.0s), 20/20 VUs, 883 complete and 0 interrupted iterations
wf01_endurance   [  81% ] 20/20 VUs  11m23.0s/14m00.0s

running (11m24.0s), 20/20 VUs, 883 complete and 0 interrupted iterations
wf01_endurance   [  81% ] 20/20 VUs  11m24.0s/14m00.0s

running (11m25.0s), 20/20 VUs, 885 complete and 0 interrupted iterations
wf01_endurance   [  82% ] 20/20 VUs  11m25.0s/14m00.0s

running (11m26.0s), 20/20 VUs, 890 complete and 0 interrupted iterations
wf01_endurance   [  82% ] 20/20 VUs  11m26.0s/14m00.0s

running (11m27.0s), 20/20 VUs, 891 complete and 0 interrupted iterations
wf01_endurance   [  82% ] 20/20 VUs  11m27.0s/14m00.0s

running (11m28.0s), 20/20 VUs, 891 complete and 0 interrupted iterations
wf01_endurance   [  82% ] 20/20 VUs  11m28.0s/14m00.0s

running (11m29.0s), 20/20 VUs, 891 complete and 0 interrupted iterations
wf01_endurance   [  82% ] 20/20 VUs  11m29.0s/14m00.0s

running (11m30.0s), 20/20 VUs, 893 complete and 0 interrupted iterations
wf01_endurance   [  82% ] 20/20 VUs  11m30.0s/14m00.0s

running (11m31.0s), 20/20 VUs, 895 complete and 0 interrupted iterations
wf01_endurance   [  82% ] 20/20 VUs  11m31.0s/14m00.0s

running (11m32.0s), 20/20 VUs, 896 complete and 0 interrupted iterations
wf01_endurance   [  82% ] 20/20 VUs  11m32.0s/14m00.0s

running (11m33.0s), 20/20 VUs, 897 complete and 0 interrupted iterations
wf01_endurance   [  82% ] 20/20 VUs  11m33.0s/14m00.0s

running (11m34.0s), 20/20 VUs, 899 complete and 0 interrupted iterations
wf01_endurance   [  83% ] 20/20 VUs  11m34.0s/14m00.0s

running (11m35.0s), 20/20 VUs, 899 complete and 0 interrupted iterations
wf01_endurance   [  83% ] 20/20 VUs  11m35.0s/14m00.0s

running (11m36.0s), 20/20 VUs, 899 complete and 0 interrupted iterations
wf01_endurance   [  83% ] 20/20 VUs  11m36.0s/14m00.0s

running (11m37.0s), 20/20 VUs, 901 complete and 0 interrupted iterations
wf01_endurance   [  83% ] 20/20 VUs  11m37.0s/14m00.0s

running (11m38.0s), 20/20 VUs, 902 complete and 0 interrupted iterations
wf01_endurance   [  83% ] 20/20 VUs  11m38.0s/14m00.0s

running (11m39.0s), 20/20 VUs, 903 complete and 0 interrupted iterations
wf01_endurance   [  83% ] 20/20 VUs  11m39.0s/14m00.0s

running (11m40.0s), 20/20 VUs, 906 complete and 0 interrupted iterations
wf01_endurance   [  83% ] 20/20 VUs  11m40.0s/14m00.0s

running (11m41.0s), 20/20 VUs, 907 complete and 0 interrupted iterations
wf01_endurance   [  83% ] 20/20 VUs  11m41.0s/14m00.0s

running (11m42.0s), 20/20 VUs, 909 complete and 0 interrupted iterations
wf01_endurance   [  84% ] 20/20 VUs  11m42.0s/14m00.0s

running (11m43.0s), 20/20 VUs, 912 complete and 0 interrupted iterations
wf01_endurance   [  84% ] 20/20 VUs  11m43.0s/14m00.0s

running (11m44.0s), 20/20 VUs, 912 complete and 0 interrupted iterations
wf01_endurance   [  84% ] 20/20 VUs  11m44.0s/14m00.0s

running (11m45.0s), 20/20 VUs, 914 complete and 0 interrupted iterations
wf01_endurance   [  84% ] 20/20 VUs  11m45.0s/14m00.0s

running (11m46.0s), 20/20 VUs, 915 complete and 0 interrupted iterations
wf01_endurance   [  84% ] 20/20 VUs  11m46.0s/14m00.0s

running (11m47.0s), 20/20 VUs, 916 complete and 0 interrupted iterations
wf01_endurance   [  84% ] 20/20 VUs  11m47.0s/14m00.0s

running (11m48.0s), 20/20 VUs, 918 complete and 0 interrupted iterations
wf01_endurance   [  84% ] 20/20 VUs  11m48.0s/14m00.0s

running (11m49.0s), 20/20 VUs, 919 complete and 0 interrupted iterations
wf01_endurance   [  84% ] 20/20 VUs  11m49.0s/14m00.0s

running (11m50.0s), 20/20 VUs, 922 complete and 0 interrupted iterations
wf01_endurance   [  85% ] 20/20 VUs  11m50.0s/14m00.0s

running (11m51.0s), 20/20 VUs, 923 complete and 0 interrupted iterations
wf01_endurance   [  85% ] 20/20 VUs  11m51.0s/14m00.0s

running (11m52.0s), 20/20 VUs, 923 complete and 0 interrupted iterations
wf01_endurance   [  85% ] 20/20 VUs  11m52.0s/14m00.0s

running (11m53.0s), 20/20 VUs, 923 complete and 0 interrupted iterations
wf01_endurance   [  85% ] 20/20 VUs  11m53.0s/14m00.0s

running (11m54.0s), 20/20 VUs, 925 complete and 0 interrupted iterations
wf01_endurance   [  85% ] 20/20 VUs  11m54.0s/14m00.0s

running (11m55.0s), 20/20 VUs, 926 complete and 0 interrupted iterations
wf01_endurance   [  85% ] 20/20 VUs  11m55.0s/14m00.0s

running (11m56.0s), 20/20 VUs, 930 complete and 0 interrupted iterations
wf01_endurance   [  85% ] 20/20 VUs  11m56.0s/14m00.0s

running (11m57.0s), 20/20 VUs, 930 complete and 0 interrupted iterations
wf01_endurance   [  85% ] 20/20 VUs  11m57.0s/14m00.0s

running (11m58.0s), 20/20 VUs, 933 complete and 0 interrupted iterations
wf01_endurance   [  85% ] 20/20 VUs  11m58.0s/14m00.0s

running (11m59.0s), 20/20 VUs, 933 complete and 0 interrupted iterations
wf01_endurance   [  86% ] 20/20 VUs  11m59.0s/14m00.0s

running (12m00.0s), 20/20 VUs, 935 complete and 0 interrupted iterations
wf01_endurance   [  86% ] 20/20 VUs  12m00.0s/14m00.0s

running (12m01.0s), 20/20 VUs, 936 complete and 0 interrupted iterations
wf01_endurance   [  86% ] 20/20 VUs  12m01.0s/14m00.0s

running (12m02.0s), 20/20 VUs, 937 complete and 0 interrupted iterations
wf01_endurance   [  86% ] 20/20 VUs  12m02.0s/14m00.0s

running (12m03.0s), 20/20 VUs, 941 complete and 0 interrupted iterations
wf01_endurance   [  86% ] 20/20 VUs  12m03.0s/14m00.0s

running (12m04.0s), 20/20 VUs, 942 complete and 0 interrupted iterations
wf01_endurance   [  86% ] 20/20 VUs  12m04.0s/14m00.0s

running (12m05.0s), 20/20 VUs, 943 complete and 0 interrupted iterations
wf01_endurance   [  86% ] 20/20 VUs  12m05.0s/14m00.0s

running (12m06.0s), 20/20 VUs, 943 complete and 0 interrupted iterations
wf01_endurance   [  86% ] 20/20 VUs  12m06.0s/14m00.0s

running (12m07.0s), 20/20 VUs, 943 complete and 0 interrupted iterations
wf01_endurance   [  87% ] 20/20 VUs  12m07.0s/14m00.0s

running (12m08.0s), 20/20 VUs, 944 complete and 0 interrupted iterations
wf01_endurance   [  87% ] 20/20 VUs  12m08.0s/14m00.0s

running (12m09.0s), 20/20 VUs, 945 complete and 0 interrupted iterations
wf01_endurance   [  87% ] 20/20 VUs  12m09.0s/14m00.0s

running (12m10.0s), 20/20 VUs, 946 complete and 0 interrupted iterations
wf01_endurance   [  87% ] 20/20 VUs  12m10.0s/14m00.0s

running (12m11.0s), 20/20 VUs, 949 complete and 0 interrupted iterations
wf01_endurance   [  87% ] 20/20 VUs  12m11.0s/14m00.0s

running (12m12.0s), 20/20 VUs, 950 complete and 0 interrupted iterations
wf01_endurance   [  87% ] 20/20 VUs  12m12.0s/14m00.0s

running (12m13.0s), 20/20 VUs, 951 complete and 0 interrupted iterations
wf01_endurance   [  87% ] 20/20 VUs  12m13.0s/14m00.0s

running (12m14.0s), 20/20 VUs, 954 complete and 0 interrupted iterations
wf01_endurance   [  87% ] 20/20 VUs  12m14.0s/14m00.0s

running (12m15.0s), 20/20 VUs, 957 complete and 0 interrupted iterations
wf01_endurance   [  87% ] 20/20 VUs  12m15.0s/14m00.0s

running (12m16.0s), 20/20 VUs, 958 complete and 0 interrupted iterations
wf01_endurance   [  88% ] 20/20 VUs  12m16.0s/14m00.0s

running (12m17.0s), 20/20 VUs, 960 complete and 0 interrupted iterations
wf01_endurance   [  88% ] 20/20 VUs  12m17.0s/14m00.0s

running (12m18.0s), 20/20 VUs, 961 complete and 0 interrupted iterations
wf01_endurance   [  88% ] 20/20 VUs  12m18.0s/14m00.0s

running (12m19.0s), 20/20 VUs, 961 complete and 0 interrupted iterations
wf01_endurance   [  88% ] 20/20 VUs  12m19.0s/14m00.0s

running (12m20.0s), 20/20 VUs, 963 complete and 0 interrupted iterations
wf01_endurance   [  88% ] 20/20 VUs  12m20.0s/14m00.0s

running (12m21.0s), 20/20 VUs, 964 complete and 0 interrupted iterations
wf01_endurance   [  88% ] 20/20 VUs  12m21.0s/14m00.0s

running (12m22.0s), 20/20 VUs, 965 complete and 0 interrupted iterations
wf01_endurance   [  88% ] 20/20 VUs  12m22.0s/14m00.0s

running (12m23.0s), 20/20 VUs, 967 complete and 0 interrupted iterations
wf01_endurance   [  88% ] 20/20 VUs  12m23.0s/14m00.0s

running (12m24.0s), 20/20 VUs, 969 complete and 0 interrupted iterations
wf01_endurance   [  89% ] 20/20 VUs  12m24.0s/14m00.0s

running (12m25.0s), 20/20 VUs, 970 complete and 0 interrupted iterations
wf01_endurance   [  89% ] 20/20 VUs  12m25.0s/14m00.0s

running (12m26.0s), 20/20 VUs, 970 complete and 0 interrupted iterations
wf01_endurance   [  89% ] 20/20 VUs  12m26.0s/14m00.0s

running (12m27.0s), 20/20 VUs, 971 complete and 0 interrupted iterations
wf01_endurance   [  89% ] 20/20 VUs  12m27.0s/14m00.0s

running (12m28.0s), 20/20 VUs, 972 complete and 0 interrupted iterations
wf01_endurance   [  89% ] 20/20 VUs  12m28.0s/14m00.0s

running (12m29.0s), 20/20 VUs, 974 complete and 0 interrupted iterations
wf01_endurance   [  89% ] 20/20 VUs  12m29.0s/14m00.0s

running (12m30.0s), 20/20 VUs, 977 complete and 0 interrupted iterations
wf01_endurance   [  89% ] 20/20 VUs  12m30.0s/14m00.0s

running (12m31.0s), 20/20 VUs, 978 complete and 0 interrupted iterations
wf01_endurance   [  89% ] 20/20 VUs  12m31.0s/14m00.0s

running (12m32.0s), 20/20 VUs, 981 complete and 0 interrupted iterations
wf01_endurance   [  90% ] 20/20 VUs  12m32.0s/14m00.0s

running (12m33.0s), 20/20 VUs, 983 complete and 0 interrupted iterations
wf01_endurance   [  90% ] 20/20 VUs  12m33.0s/14m00.0s

running (12m34.0s), 20/20 VUs, 983 complete and 0 interrupted iterations
wf01_endurance   [  90% ] 20/20 VUs  12m34.0s/14m00.0s

running (12m35.0s), 20/20 VUs, 983 complete and 0 interrupted iterations
wf01_endurance   [  90% ] 20/20 VUs  12m35.0s/14m00.0s

running (12m36.0s), 20/20 VUs, 986 complete and 0 interrupted iterations
wf01_endurance   [  90% ] 20/20 VUs  12m36.0s/14m00.0s

running (12m37.0s), 20/20 VUs, 987 complete and 0 interrupted iterations
wf01_endurance   [  90% ] 20/20 VUs  12m37.0s/14m00.0s

running (12m38.0s), 20/20 VUs, 989 complete and 0 interrupted iterations
wf01_endurance   [  90% ] 20/20 VUs  12m38.0s/14m00.0s

running (12m39.0s), 20/20 VUs, 990 complete and 0 interrupted iterations
wf01_endurance   [  90% ] 20/20 VUs  12m39.0s/14m00.0s

running (12m40.0s), 20/20 VUs, 990 complete and 0 interrupted iterations
wf01_endurance   [  90% ] 20/20 VUs  12m40.0s/14m00.0s

running (12m41.0s), 20/20 VUs, 990 complete and 0 interrupted iterations
wf01_endurance   [  91% ] 20/20 VUs  12m41.0s/14m00.0s

running (12m42.0s), 20/20 VUs, 991 complete and 0 interrupted iterations
wf01_endurance   [  91% ] 20/20 VUs  12m42.0s/14m00.0s

running (12m43.0s), 20/20 VUs, 993 complete and 0 interrupted iterations
wf01_endurance   [  91% ] 20/20 VUs  12m43.0s/14m00.0s

running (12m44.0s), 20/20 VUs, 994 complete and 0 interrupted iterations
wf01_endurance   [  91% ] 20/20 VUs  12m44.0s/14m00.0s

running (12m45.0s), 20/20 VUs, 998 complete and 0 interrupted iterations
wf01_endurance   [  91% ] 20/20 VUs  12m45.0s/14m00.0s

running (12m46.0s), 20/20 VUs, 999 complete and 0 interrupted iterations
wf01_endurance   [  91% ] 20/20 VUs  12m46.0s/14m00.0s

running (12m47.0s), 20/20 VUs, 1000 complete and 0 interrupted iterations
wf01_endurance   [  91% ] 20/20 VUs  12m47.0s/14m00.0s

running (12m48.0s), 20/20 VUs, 1003 complete and 0 interrupted iterations
wf01_endurance   [  91% ] 20/20 VUs  12m48.0s/14m00.0s

running (12m49.0s), 20/20 VUs, 1004 complete and 0 interrupted iterations
wf01_endurance   [  92% ] 20/20 VUs  12m49.0s/14m00.0s

running (12m50.0s), 20/20 VUs, 1005 complete and 0 interrupted iterations
wf01_endurance   [  92% ] 20/20 VUs  12m50.0s/14m00.0s

running (12m51.0s), 20/20 VUs, 1006 complete and 0 interrupted iterations
wf01_endurance   [  92% ] 20/20 VUs  12m51.0s/14m00.0s

running (12m52.0s), 20/20 VUs, 1007 complete and 0 interrupted iterations
wf01_endurance   [  92% ] 20/20 VUs  12m52.0s/14m00.0s

running (12m53.0s), 20/20 VUs, 1009 complete and 0 interrupted iterations
wf01_endurance   [  92% ] 20/20 VUs  12m53.0s/14m00.0s

running (12m54.0s), 20/20 VUs, 1009 complete and 0 interrupted iterations
wf01_endurance   [  92% ] 20/20 VUs  12m54.0s/14m00.0s

running (12m55.0s), 20/20 VUs, 1011 complete and 0 interrupted iterations
wf01_endurance   [  92% ] 20/20 VUs  12m55.0s/14m00.0s

running (12m56.0s), 20/20 VUs, 1013 complete and 0 interrupted iterations
wf01_endurance   [  92% ] 20/20 VUs  12m56.0s/14m00.0s

running (12m57.0s), 20/20 VUs, 1013 complete and 0 interrupted iterations
wf01_endurance   [  92% ] 20/20 VUs  12m57.0s/14m00.0s

running (12m58.0s), 20/20 VUs, 1014 complete and 0 interrupted iterations
wf01_endurance   [  93% ] 20/20 VUs  12m58.0s/14m00.0s

running (12m59.0s), 20/20 VUs, 1015 complete and 0 interrupted iterations
wf01_endurance   [  93% ] 20/20 VUs  12m59.0s/14m00.0s

running (13m00.0s), 20/20 VUs, 1019 complete and 0 interrupted iterations
wf01_endurance   [  93% ] 20/20 VUs  13m00.0s/14m00.0s

running (13m01.0s), 20/20 VUs, 1021 complete and 0 interrupted iterations
wf01_endurance   [  93% ] 20/20 VUs  13m01.0s/14m00.0s

running (13m02.0s), 20/20 VUs, 1022 complete and 0 interrupted iterations
wf01_endurance   [  93% ] 20/20 VUs  13m02.0s/14m00.0s

running (13m03.0s), 20/20 VUs, 1024 complete and 0 interrupted iterations
wf01_endurance   [  93% ] 20/20 VUs  13m03.0s/14m00.0s

running (13m04.0s), 20/20 VUs, 1025 complete and 0 interrupted iterations
wf01_endurance   [  93% ] 20/20 VUs  13m04.0s/14m00.0s

running (13m05.0s), 20/20 VUs, 1025 complete and 0 interrupted iterations
wf01_endurance   [  93% ] 20/20 VUs  13m05.0s/14m00.0s

running (13m06.0s), 20/20 VUs, 1026 complete and 0 interrupted iterations
wf01_endurance   [  94% ] 20/20 VUs  13m06.0s/14m00.0s

running (13m07.0s), 20/20 VUs, 1028 complete and 0 interrupted iterations
wf01_endurance   [  94% ] 20/20 VUs  13m07.0s/14m00.0s

running (13m08.0s), 20/20 VUs, 1029 complete and 0 interrupted iterations
wf01_endurance   [  94% ] 20/20 VUs  13m08.0s/14m00.0s

running (13m09.0s), 20/20 VUs, 1030 complete and 0 interrupted iterations
wf01_endurance   [  94% ] 20/20 VUs  13m09.0s/14m00.0s

running (13m10.0s), 20/20 VUs, 1031 complete and 0 interrupted iterations
wf01_endurance   [  94% ] 20/20 VUs  13m10.0s/14m00.0s

running (13m11.0s), 20/20 VUs, 1032 complete and 0 interrupted iterations
wf01_endurance   [  94% ] 20/20 VUs  13m11.0s/14m00.0s

running (13m12.0s), 20/20 VUs, 1033 complete and 0 interrupted iterations
wf01_endurance   [  94% ] 20/20 VUs  13m12.0s/14m00.0s

running (13m13.0s), 19/20 VUs, 1035 complete and 0 interrupted iterations
wf01_endurance   [  94% ] 19/20 VUs  13m13.0s/14m00.0s

running (13m14.0s), 18/20 VUs, 1036 complete and 0 interrupted iterations
wf01_endurance   [  95% ] 18/20 VUs  13m14.0s/14m00.0s

running (13m15.0s), 18/20 VUs, 1038 complete and 0 interrupted iterations
wf01_endurance   [  95% ] 18/20 VUs  13m15.0s/14m00.0s

running (13m16.0s), 18/20 VUs, 1039 complete and 0 interrupted iterations
wf01_endurance   [  95% ] 18/20 VUs  13m16.0s/14m00.0s

running (13m17.0s), 18/20 VUs, 1042 complete and 0 interrupted iterations
wf01_endurance   [  95% ] 18/20 VUs  13m17.0s/14m00.0s

running (13m18.0s), 18/20 VUs, 1042 complete and 0 interrupted iterations
wf01_endurance   [  95% ] 18/20 VUs  13m18.0s/14m00.0s

running (13m19.0s), 17/20 VUs, 1045 complete and 0 interrupted iterations
wf01_endurance   [  95% ] 17/20 VUs  13m19.0s/14m00.0s

running (13m20.0s), 17/20 VUs, 1045 complete and 0 interrupted iterations
wf01_endurance   [  95% ] 17/20 VUs  13m20.0s/14m00.0s

running (13m21.0s), 16/20 VUs, 1047 complete and 0 interrupted iterations
wf01_endurance   [  95% ] 16/20 VUs  13m21.0s/14m00.0s

running (13m22.0s), 16/20 VUs, 1047 complete and 0 interrupted iterations
wf01_endurance   [  95% ] 16/20 VUs  13m22.0s/14m00.0s

running (13m23.0s), 16/20 VUs, 1048 complete and 0 interrupted iterations
wf01_endurance   [  96% ] 16/20 VUs  13m23.0s/14m00.0s

running (13m24.0s), 15/20 VUs, 1053 complete and 0 interrupted iterations
wf01_endurance   [  96% ] 15/20 VUs  13m24.0s/14m00.0s

running (13m25.0s), 14/20 VUs, 1054 complete and 0 interrupted iterations
wf01_endurance   [  96% ] 14/20 VUs  13m25.0s/14m00.0s

running (13m26.0s), 14/20 VUs, 1054 complete and 0 interrupted iterations
wf01_endurance   [  96% ] 14/20 VUs  13m26.0s/14m00.0s

running (13m27.0s), 14/20 VUs, 1054 complete and 0 interrupted iterations
wf01_endurance   [  96% ] 14/20 VUs  13m27.0s/14m00.0s

running (13m28.0s), 14/20 VUs, 1054 complete and 0 interrupted iterations
wf01_endurance   [  96% ] 14/20 VUs  13m28.0s/14m00.0s

running (13m29.0s), 12/20 VUs, 1056 complete and 0 interrupted iterations
wf01_endurance   [  96% ] 12/20 VUs  13m29.0s/14m00.0s

running (13m30.0s), 11/20 VUs, 1058 complete and 0 interrupted iterations
wf01_endurance   [  96% ] 11/20 VUs  13m30.0s/14m00.0s

running (13m31.0s), 11/20 VUs, 1058 complete and 0 interrupted iterations
wf01_endurance   [  97% ] 11/20 VUs  13m31.0s/14m00.0s

running (13m32.0s), 11/20 VUs, 1060 complete and 0 interrupted iterations
wf01_endurance   [  97% ] 11/20 VUs  13m32.0s/14m00.0s

running (13m33.0s), 11/20 VUs, 1060 complete and 0 interrupted iterations
wf01_endurance   [  97% ] 11/20 VUs  13m33.0s/14m00.0s

running (13m34.0s), 11/20 VUs, 1062 complete and 0 interrupted iterations
wf01_endurance   [  97% ] 11/20 VUs  13m34.0s/14m00.0s

running (13m35.0s), 11/20 VUs, 1064 complete and 0 interrupted iterations
wf01_endurance   [  97% ] 11/20 VUs  13m35.0s/14m00.0s

running (13m36.0s), 11/20 VUs, 1064 complete and 0 interrupted iterations
wf01_endurance   [  97% ] 11/20 VUs  13m36.0s/14m00.0s

running (13m37.0s), 11/20 VUs, 1065 complete and 0 interrupted iterations
wf01_endurance   [  97% ] 11/20 VUs  13m37.0s/14m00.0s

running (13m38.0s), 11/20 VUs, 1067 complete and 0 interrupted iterations
wf01_endurance   [  97% ] 11/20 VUs  13m38.0s/14m00.0s

running (13m39.0s), 11/20 VUs, 1067 complete and 0 interrupted iterations
wf01_endurance   [  97% ] 11/20 VUs  13m39.0s/14m00.0s

running (13m40.0s), 10/20 VUs, 1068 complete and 0 interrupted iterations
wf01_endurance   [  98% ] 10/20 VUs  13m40.0s/14m00.0s

running (13m41.0s), 10/20 VUs, 1068 complete and 0 interrupted iterations
wf01_endurance   [  98% ] 10/20 VUs  13m41.0s/14m00.0s

running (13m42.0s), 09/20 VUs, 1069 complete and 0 interrupted iterations
wf01_endurance   [  98% ] 09/20 VUs  13m42.0s/14m00.0s

running (13m43.0s), 09/20 VUs, 1069 complete and 0 interrupted iterations
wf01_endurance   [  98% ] 09/20 VUs  13m43.0s/14m00.0s

running (13m44.0s), 08/20 VUs, 1070 complete and 0 interrupted iterations
wf01_endurance   [  98% ] 08/20 VUs  13m44.0s/14m00.0s

running (13m45.0s), 08/20 VUs, 1070 complete and 0 interrupted iterations
wf01_endurance   [  98% ] 08/20 VUs  13m45.0s/14m00.0s

running (13m46.0s), 08/20 VUs, 1070 complete and 0 interrupted iterations
wf01_endurance   [  98% ] 08/20 VUs  13m46.0s/14m00.0s

running (13m47.0s), 08/20 VUs, 1071 complete and 0 interrupted iterations
wf01_endurance   [  98% ] 08/20 VUs  13m47.0s/14m00.0s

running (13m48.0s), 08/20 VUs, 1071 complete and 0 interrupted iterations
wf01_endurance   [  99% ] 08/20 VUs  13m48.0s/14m00.0s

running (13m49.0s), 08/20 VUs, 1072 complete and 0 interrupted iterations
wf01_endurance   [  99% ] 08/20 VUs  13m49.0s/14m00.0s

running (13m50.0s), 05/20 VUs, 1075 complete and 0 interrupted iterations
wf01_endurance   [  99% ] 05/20 VUs  13m50.0s/14m00.0s

running (13m51.0s), 05/20 VUs, 1075 complete and 0 interrupted iterations
wf01_endurance   [  99% ] 05/20 VUs  13m51.0s/14m00.0s

running (13m52.0s), 05/20 VUs, 1076 complete and 0 interrupted iterations
wf01_endurance   [  99% ] 05/20 VUs  13m52.0s/14m00.0s

running (13m53.0s), 05/20 VUs, 1076 complete and 0 interrupted iterations
wf01_endurance   [  99% ] 05/20 VUs  13m53.0s/14m00.0s

running (13m54.0s), 04/20 VUs, 1077 complete and 0 interrupted iterations
wf01_endurance   [  99% ] 04/20 VUs  13m54.0s/14m00.0s

running (13m55.0s), 03/20 VUs, 1078 complete and 0 interrupted iterations
wf01_endurance   [  99% ] 03/20 VUs  13m55.0s/14m00.0s

running (13m56.0s), 03/20 VUs, 1078 complete and 0 interrupted iterations
wf01_endurance   [ 100% ] 03/20 VUs  13m56.0s/14m00.0s

running (13m57.0s), 03/20 VUs, 1078 complete and 0 interrupted iterations
wf01_endurance   [ 100% ] 03/20 VUs  13m57.0s/14m00.0s

running (13m58.0s), 03/20 VUs, 1078 complete and 0 interrupted iterations
wf01_endurance   [ 100% ] 03/20 VUs  13m58.0s/14m00.0s

running (13m59.0s), 03/20 VUs, 1078 complete and 0 interrupted iterations
wf01_endurance   [ 100% ] 03/20 VUs  13m59.0s/14m00.0s

running (14m00.0s), 03/20 VUs, 1078 complete and 0 interrupted iterations
wf01_endurance   [ 100% ] 03/20 VUs  14m00.0s/14m00.0s

running (14m01.0s), 03/20 VUs, 1078 complete and 0 interrupted iterations
wf01_endurance ↓ [ 100% ] 03/20 VUs  14m0s

running (14m02.0s), 03/20 VUs, 1078 complete and 0 interrupted iterations
wf01_endurance ↓ [ 100% ] 03/20 VUs  14m0s

running (14m03.0s), 01/20 VUs, 1080 complete and 0 interrupted iterations
wf01_endurance ↓ [ 100% ] 03/20 VUs  14m0s

running (14m04.0s), 01/20 VUs, 1080 complete and 0 interrupted iterations
wf01_endurance ↓ [ 100% ] 03/20 VUs  14m0s

running (14m05.0s), 01/20 VUs, 1080 complete and 0 interrupted iterations
wf01_endurance ↓ [ 100% ] 03/20 VUs  14m0s

running (14m05.1s), 00/20 VUs, 1081 complete and 0 interrupted iterations
wf01_endurance ✓ [ 100% ] 00/20 VUs  14m0s

running (14m05.1s), 00/20 VUs, 1081 complete and 0 interrupted iterations
wf01_endurance ✓ [ 100% ] 00/20 VUs  14m0s

running (14m05.1s), 00/20 VUs, 1081 complete and 0 interrupted iterations
wf01_endurance ✓ [ 100% ] 00/20 VUs  14m0s

running (14m05.1s), 00/20 VUs, 1081 complete and 0 interrupted iterations
wf01_endurance ✓ [ 100% ] 00/20 VUs  14m0s

running (14m05.1s), 00/20 VUs, 1081 complete and 0 interrupted iterations
wf01_endurance ✓ [ 100% ] 00/20 VUs  14m0s

running (14m05.1s), 00/20 VUs, 1081 complete and 0 interrupted iterations
wf01_endurance ✓ [ 100% ] 00/20 VUs  14m0s

running (14m05.1s), 00/20 VUs, 1081 complete and 0 interrupted iterations
wf01_endurance ✓ [ 100% ] 00/20 VUs  14m0s

running (14m05.1s), 00/20 VUs, 1081 complete and 0 interrupted iterations
wf01_endurance ✓ [ 100% ] 00/20 VUs  14m0s

running (14m05.1s), 00/20 VUs, 1081 complete and 0 interrupted iterations
wf01_endurance ✓ [ 100% ] 00/20 VUs  14m0s

running (14m05.1s), 00/20 VUs, 1081 complete and 0 interrupted iterations
wf01_endurance ✓ [ 100% ] 00/20 VUs  14m0s

running (14m05.1s), 00/20 VUs, 1081 complete and 0 interrupted iterations
wf01_endurance ✓ [ 100% ] 00/20 VUs  14m0s

running (14m05.1s), 00/20 VUs, 1081 complete and 0 interrupted iterations
wf01_endurance ✓ [ 100% ] 00/20 VUs  14m0s

running (14m05.1s), 00/20 VUs, 1081 complete and 0 interrupted iterations
wf01_endurance ✓ [ 100% ] 00/20 VUs  14m0s

running (14m05.1s), 00/20 VUs, 1081 complete and 0 interrupted iterations
wf01_endurance ✓ [ 100% ] 00/20 VUs  14m0s

running (14m05.1s), 00/20 VUs, 1081 complete and 0 interrupted iterations
wf01_endurance ✓ [ 100% ] 00/20 VUs  14m0s

running (14m05.1s), 00/20 VUs, 1081 complete and 0 interrupted iterations
wf01_endurance ✓ [ 100% ] 00/20 VUs  14m0s

running (14m05.1s), 00/20 VUs, 1081 complete and 0 interrupted iterations
wf01_endurance ✓ [ 100% ] 00/20 VUs  14m0s

running (14m05.1s), 00/20 VUs, 1081 complete and 0 interrupted iterations
wf01_endurance ✓ [ 100% ] 00/20 VUs  14m0s

running (14m05.1s), 00/20 VUs, 1081 complete and 0 interrupted iterations
wf01_endurance ✓ [ 100% ] 00/20 VUs  14m0s

running (14m05.1s), 00/20 VUs, 1081 complete and 0 interrupted iterations
wf01_endurance ✓ [ 100% ] 00/20 VUs  14m0s

running (14m05.1s), 00/20 VUs, 1081 complete and 0 interrupted iterations
wf01_endurance ✓ [ 100% ] 00/20 VUs  14m0s

running (14m05.1s), 00/20 VUs, 1081 complete and 0 interrupted iterations
wf01_endurance ✓ [ 100% ] 00/20 VUs  14m0s

running (14m05.1s), 00/20 VUs, 1081 complete and 0 interrupted iterations
wf01_endurance ✓ [ 100% ] 00/20 VUs  14m0s

running (14m05.1s), 00/20 VUs, 1081 complete and 0 interrupted iterations
wf01_endurance ✓ [ 100% ] 00/20 VUs  14m0s

running (14m05.1s), 00/20 VUs, 1081 complete and 0 interrupted iterations
wf01_endurance ✓ [ 100% ] 00/20 VUs  14m0s

running (14m05.1s), 00/20 VUs, 1081 complete and 0 interrupted iterations
wf01_endurance ✓ [ 100% ] 00/20 VUs  14m0s

running (14m05.1s), 00/20 VUs, 1081 complete and 0 interrupted iterations
wf01_endurance ✓ [ 100% ] 00/20 VUs  14m0s

running (14m05.1s), 00/20 VUs, 1081 complete and 0 interrupted iterations
wf01_endurance ✓ [ 100% ] 00/20 VUs  14m0s

running (14m05.1s), 00/20 VUs, 1081 complete and 0 interrupted iterations
wf01_endurance ✓ [ 100% ] 00/20 VUs  14m0s

running (14m05.1s), 00/20 VUs, 1081 complete and 0 interrupted iterations
wf01_endurance ✓ [ 100% ] 00/20 VUs  14m0s

running (14m05.1s), 00/20 VUs, 1081 complete and 0 interrupted iterations
wf01_endurance ✓ [ 100% ] 00/20 VUs  14m0s

running (14m05.1s), 00/20 VUs, 1081 complete and 0 interrupted iterations
wf01_endurance ✓ [ 100% ] 00/20 VUs  14m0s

running (14m05.1s), 00/20 VUs, 1081 complete and 0 interrupted iterations
wf01_endurance ✓ [ 100% ] 00/20 VUs  14m0s

running (14m05.1s), 00/20 VUs, 1081 complete and 0 interrupted iterations
wf01_endurance ✓ [ 100% ] 00/20 VUs  14m0s

running (14m05.1s), 00/20 VUs, 1081 complete and 0 interrupted iterations
wf01_endurance ✓ [ 100% ] 00/20 VUs  14m0s

running (14m05.1s), 00/20 VUs, 1081 complete and 0 interrupted iterations
wf01_endurance ✓ [ 100% ] 00/20 VUs  14m0s

running (14m05.1s), 00/20 VUs, 1081 complete and 0 interrupted iterations
wf01_endurance ✓ [ 100% ] 00/20 VUs  14m0s

running (14m05.1s), 00/20 VUs, 1081 complete and 0 interrupted iterations
wf01_endurance ✓ [ 100% ] 00/20 VUs  14m0s

running (14m05.1s), 00/20 VUs, 1081 complete and 0 interrupted iterations
wf01_endurance ✓ [ 100% ] 00/20 VUs  14m0s

running (14m05.1s), 00/20 VUs, 1081 complete and 0 interrupted iterations
wf01_endurance ✓ [ 100% ] 00/20 VUs  14m0s

running (14m05.1s), 00/20 VUs, 1081 complete and 0 interrupted iterations
wf01_endurance ✓ [ 100% ] 00/20 VUs  14m0s

running (14m05.1s), 00/20 VUs, 1081 complete and 0 interrupted iterations
wf01_endurance ✓ [ 100% ] 00/20 VUs  14m0s

running (14m05.1s), 00/20 VUs, 1081 complete and 0 interrupted iterations
wf01_endurance ✓ [ 100% ] 00/20 VUs  14m0s

running (14m05.1s), 00/20 VUs, 1081 complete and 0 interrupted iterations
wf01_endurance ✓ [ 100% ] 00/20 VUs  14m0s

running (14m05.1s), 00/20 VUs, 1081 complete and 0 interrupted iterations
wf01_endurance ✓ [ 100% ] 00/20 VUs  14m0s

running (14m05.1s), 00/20 VUs, 1081 complete and 0 interrupted iterations
wf01_endurance ✓ [ 100% ] 00/20 VUs  14m0s

running (14m05.1s), 00/20 VUs, 1081 complete and 0 interrupted iterations
wf01_endurance ✓ [ 100% ] 00/20 VUs  14m0s

running (14m05.1s), 00/20 VUs, 1081 complete and 0 interrupted iterations
wf01_endurance ✓ [ 100% ] 00/20 VUs  14m0s

running (14m05.1s), 00/20 VUs, 1081 complete and 0 interrupted iterations
wf01_endurance ✓ [ 100% ] 00/20 VUs  14m0s

running (14m05.1s), 00/20 VUs, 1081 complete and 0 interrupted iterations
wf01_endurance ✓ [ 100% ] 00/20 VUs  14m0s

running (14m05.1s), 00/20 VUs, 1081 complete and 0 interrupted iterations
wf01_endurance ✓ [ 100% ] 00/20 VUs  14m0s

running (14m05.1s), 00/20 VUs, 1081 complete and 0 interrupted iterations
wf01_endurance ✓ [ 100% ] 00/20 VUs  14m0s

running (14m05.1s), 00/20 VUs, 1081 complete and 0 interrupted iterations
wf01_endurance ✓ [ 100% ] 00/20 VUs  14m0s

running (14m05.1s), 00/20 VUs, 1081 complete and 0 interrupted iterations
wf01_endurance ✓ [ 100% ] 00/20 VUs  14m0s

running (14m05.1s), 00/20 VUs, 1081 complete and 0 interrupted iterations
wf01_endurance ✓ [ 100% ] 00/20 VUs  14m0s

running (14m05.1s), 00/20 VUs, 1081 complete and 0 interrupted iterations
wf01_endurance ✓ [ 100% ] 00/20 VUs  14m0s

running (14m05.1s), 00/20 VUs, 1081 complete and 0 interrupted iterations
wf01_endurance ✓ [ 100% ] 00/20 VUs  14m0s

running (14m05.1s), 00/20 VUs, 1081 complete and 0 interrupted iterations
wf01_endurance ✓ [ 100% ] 00/20 VUs  14m0s

running (14m05.1s), 00/20 VUs, 1081 complete and 0 interrupted iterations
wf01_endurance ✓ [ 100% ] 00/20 VUs  14m0s

running (14m05.1s), 00/20 VUs, 1081 complete and 0 interrupted iterations
wf01_endurance ✓ [ 100% ] 00/20 VUs  14m0s

running (14m05.1s), 00/20 VUs, 1081 complete and 0 interrupted iterations
wf01_endurance ✓ [ 100% ] 00/20 VUs  14m0s

running (14m05.1s), 00/20 VUs, 1081 complete and 0 interrupted iterations
wf01_endurance ✓ [ 100% ] 00/20 VUs  14m0s

running (14m05.1s), 00/20 VUs, 1081 complete and 0 interrupted iterations
wf01_endurance ✓ [ 100% ] 00/20 VUs  14m0s

running (14m05.1s), 00/20 VUs, 1081 complete and 0 interrupted iterations
wf01_endurance ✓ [ 100% ] 00/20 VUs  14m0s

running (14m05.1s), 00/20 VUs, 1081 complete and 0 interrupted iterations
wf01_endurance ✓ [ 100% ] 00/20 VUs  14m0s

running (14m05.1s), 00/20 VUs, 1081 complete and 0 interrupted iterations
wf01_endurance ✓ [ 100% ] 00/20 VUs  14m0s

running (14m05.1s), 00/20 VUs, 1081 complete and 0 interrupted iterations
wf01_endurance ✓ [ 100% ] 00/20 VUs  14m0s

running (14m05.1s), 00/20 VUs, 1081 complete and 0 interrupted iterations
wf01_endurance ✓ [ 100% ] 00/20 VUs  14m0s

running (14m05.1s), 00/20 VUs, 1081 complete and 0 interrupted iterations
wf01_endurance ✓ [ 100% ] 00/20 VUs  14m0s

running (14m05.1s), 00/20 VUs, 1081 complete and 0 interrupted iterations
wf01_endurance ✓ [ 100% ] 00/20 VUs  14m0s

running (14m05.1s), 00/20 VUs, 1081 complete and 0 interrupted iterations
wf01_endurance ✓ [ 100% ] 00/20 VUs  14m0s

running (14m05.1s), 00/20 VUs, 1081 complete and 0 interrupted iterations
wf01_endurance ✓ [ 100% ] 00/20 VUs  14m0s

running (14m05.1s), 00/20 VUs, 1081 complete and 0 interrupted iterations
wf01_endurance ✓ [ 100% ] 00/20 VUs  14m0s


  █ THRESHOLDS 

    checks
    ✓ 'rate==1' rate=100.00%

    functional_failures
    ✓ 'rate==0' rate=0.00%

    http_req_duration
    ✓ 'p(95)<500' p(95)=19.49ms

    http_req_failed
    ✓ 'rate<0.01' rate=0.00%


  █ TOTAL RESULTS 

    checks_total.......: 24863   29.420642/s
    checks_succeeded...: 100.00% 24863 out of 24863
    checks_failed......: 0.00%   0 out of 24863

    ✓ Login: HTTP 200
    ✓ Login: success message
    ✓ Login: non-empty JWT
    ✓ Login: numeric user id
    ✓ Login: no error field
    ✓ Search: HTTP 200
    ✓ Search: non-empty array
    ✓ Search: product id
    ✓ Search: product name
    ✓ Search: numeric price
    ✓ Detail: HTTP 200
    ✓ Detail: non-empty object
    ✓ Detail: correlated product id
    ✓ Detail: numeric price
    ✓ Cart POST: HTTP 200
    ✓ Cart POST: success message
    ✓ Cart GET: HTTP 200
    ✓ Cart GET: correlated item and quantity
    ✓ Checkout: HTTP 200
    ✓ Checkout: success message
    ✓ Checkout: positive order id
    ✓ Orders GET: HTTP 200
    ✓ Orders GET: correlated order id

    CUSTOM
    functional_failures............: 0.00%  0 out of 1081
    wf01_completed_iterations......: 1081   1.279158/s
    wf01_iteration_duration........: avg=10.12s min=6.91s  med=10.12s max=13.23s   p(90)=11.77s  p(95)=12.24s 

    HTTP
    http_req_duration..............: avg=7.83ms min=0s     med=5.83ms max=134.02ms p(90)=15.93ms p(95)=19.49ms
      { expected_response:true }...: avg=7.83ms min=0s     med=5.83ms max=134.02ms p(90)=15.93ms p(95)=19.49ms
    http_req_failed................: 0.00%  0 out of 7567
    http_reqs......................: 7567   8.954109/s

    EXECUTION
    iteration_duration.............: avg=14.58s min=10.72s med=14.58s max=18.52s   p(90)=16.6s   p(95)=17.12s 
    iterations.....................: 1081   1.279158/s
    vus............................: 1      min=1         max=20
    vus_max........................: 20     min=20        max=20

    NETWORK
    data_received..................: 9.3 MB 11 kB/s
    data_sent......................: 1.8 MB 2.1 kB/s




running (14m05.1s), 00/20 VUs, 1081 complete and 0 interrupted iterations
wf01_endurance ✓ [ 100% ] 00/20 VUs  14m0s
